City,Edition,Sport,Discipline,Athlete,NOC,Gender,Event,Event_gender,Medal
Mexico,1968,Aquatics,Diving,"YOUNG, Edwin Frank",USA,Men,10m platform,M,Bronze
Mexico,1968,Aquatics,Diving,"DIBIASI, Klaus",ITA,Men,10m platform,M,Gold
Mexico,1968,Aquatics,Diving,"GAXIOLA ROBLES, Alvaro",MEX,Men,10m platform,M,Silver
Mexico,1968,Aquatics,Diving,"PETERSON, Ann Stewart",USA,Women,10m platform,W,Bronze
Mexico,1968,Aquatics,Diving,"DUCHKOVA, Milena",TCH,Women,10m platform,W,Gold
Mexico,1968,Aquatics,Diving,"KUZNETSOVA-LOBANOVA, Natalya",URS,Women,10m platform,W,Silver
Mexico,1968,Aquatics,Diving,"HENRY, James Edward",USA,Men,3m springboard,M,Bronze
Mexico,1968,Aquatics,Diving,"WRIGHTSON, Bernard Charles",USA,Men,3m springboard,M,Gold
Mexico,1968,Aquatics,Diving,"DIBIASI, Klaus",ITA,Men,3m springboard,M,Silver
Mexico,1968,Aquatics,Diving,"O'SULLIVAN, Keala",USA,Women,3m springboard,W,Bronze
Mexico,1968,Aquatics,Diving,"GOSSICK, Susanne",USA,Women,3m springboard,W,Gold
Mexico,1968,Aquatics,Diving,"FEDOSOVA-POGOZHEVA, Tamara",URS,Women,3m springboard,W,Silver
Mexico,1968,Aquatics,Swimming,"MILLS, Ronald P.",USA,Men,100m backstroke,M,Bronze
Mexico,1968,Aquatics,Swimming,"MATTHES, Roland",GDR,Men,100m backstroke,M,Gold
Mexico,1968,Aquatics,Swimming,"HICKCOX, Charles Buchanan",USA,Men,100m backstroke,M,Silver
Mexico,1968,Aquatics,Swimming,"SWAGERTY, Jane Ellen",USA,Women,100m backstroke,W,Bronze
Mexico,1968,Aquatics,Swimming,"HALL, Kaye Marie",USA,Women,100m backstroke,W,Gold
Mexico,1968,Aquatics,Swimming,"TANNER, Elaine",CAN,Women,100m backstroke,W,Silver
Mexico,1968,Aquatics,Swimming,"PANKIN, Nikolai",URS,Men,100m breaststroke,M,Bronze
Mexico,1968,Aquatics,Swimming,"MCKENZIE, Donald Ward Jr.",USA,Men,100m breaststroke,M,Gold
Mexico,1968,Aquatics,Swimming,"KOSINSKY, Vladimir",URS,Men,100m breaststroke,M,Silver
Mexico,1968,Aquatics,Swimming,"WICHMAN, Sharon Lynn",USA,Women,100m breaststroke,W,Bronze
Mexico,1968,Aquatics,Swimming,"BJEDOV, Djurdjica",YUG,Women,100m breaststroke,W,Gold
Mexico,1968,Aquatics,Swimming,"PROZUMENSCHIKOVA-STEPANOVA, Galina",URS,Women,100m breaststroke,W,Silver
Mexico,1968,Aquatics,Swimming,"WALES, Ross Elliott",USA,Men,100m butterfly,M,Bronze
Mexico,1968,Aquatics,Swimming,"RUSSELL, Douglas Albert",USA,Men,100m butterfly,M,Gold
Mexico,1968,Aquatics,Swimming,"SPITZ, Mark",USA,Men,100m butterfly,M,Silver
Mexico,1968,Aquatics,Swimming,"SHIELDS, Susanne Marie",USA,Women,100m butterfly,W,Bronze
Mexico,1968,Aquatics,Swimming,"MCCLEMENTS, Lynette",AUS,Women,100m butterfly,W,Gold
Mexico,1968,Aquatics,Swimming,"DANIEL, Eleanor Suzanne",USA,Women,100m butterfly,W,Silver
Mexico,1968,Aquatics,Swimming,"SPITZ, Mark",USA,Men,100m freestyle,M,Bronze
Mexico,1968,Aquatics,Swimming,"WENDEN, Michael Vincent",AUS,Men,100m freestyle,M,Gold
Mexico,1968,Aquatics,Swimming,"WALSH, Kenneth Marshall",USA,Men,100m freestyle,M,Silver
Mexico,1968,Aquatics,Swimming,"GUSTAVSON, Linda Lee",USA,Women,100m freestyle,W,Bronze
Mexico,1968,Aquatics,Swimming,"HENNE, Jane Margo",USA,Women,100m freestyle,W,Gold
Mexico,1968,Aquatics,Swimming,"PEDERSEN, Susan Jane",USA,Women,100m freestyle,W,Silver
Mexico,1968,Aquatics,Swimming,"BROUGH, Gregory",AUS,Men,1500m freestyle,M,Bronze
Mexico,1968,Aquatics,Swimming,"BURTON, Michael Jay",USA,Men,1500m freestyle,M,Gold
Mexico,1968,Aquatics,Swimming,"KINSELLA, John Pitann",USA,Men,1500m freestyle,M,Silver
Mexico,1968,Aquatics,Swimming,"HORSLEY, Jack S.",USA,Men,200m backstroke,M,Bronze
Mexico,1968,Aquatics,Swimming,"MATTHES, Roland",GDR,Men,200m backstroke,M,Gold
Mexico,1968,Aquatics,Swimming,"IVEY, Mitchell",USA,Men,200m backstroke,M,Silver
Mexico,1968,Aquatics,Swimming,"HALL, Kaye Marie",USA,Women,200m backstroke,W,Bronze
Mexico,1968,Aquatics,Swimming,"WATSON, Lillian Debra",USA,Women,200m backstroke,W,Gold
Mexico,1968,Aquatics,Swimming,"TANNER, Elaine",CAN,Women,200m backstroke,W,Silver
Mexico,1968,Aquatics,Swimming,"JOB, Brian Gregory",USA,Men,200m breaststroke,M,Bronze
Mexico,1968,Aquatics,Swimming,"MUNOZ, Felipe",MEX,Men,200m breaststroke,M,Gold
Mexico,1968,Aquatics,Swimming,"KOSINSKY, Vladimir",URS,Men,200m breaststroke,M,Silver
Mexico,1968,Aquatics,Swimming,"PROZUMENSCHIKOVA-STEPANOVA, Galina",URS,Women,200m breaststroke,W,Bronze
Mexico,1968,Aquatics,Swimming,"WICHMAN, Sharon Lynn",USA,Women,200m breaststroke,W,Gold
Mexico,1968,Aquatics,Swimming,"BJEDOV, Djurdjica",YUG,Women,200m breaststroke,W,Silver
Mexico,1968,Aquatics,Swimming,"FERRIS, John Edward",USA,Men,200m butterfly,M,Bronze
Mexico,1968,Aquatics,Swimming,"ROBIE, Carl Joseph III",USA,Men,200m butterfly,M,Gold
Mexico,1968,Aquatics,Swimming,"WOODROFFE, Martyn John",GBR,Men,200m butterfly,M,Silver
Mexico,1968,Aquatics,Swimming,"DANIEL, Eleanor Suzanne",USA,Women,200m butterfly,W,Bronze
Mexico,1968,Aquatics,Swimming,"KOK, Aagje Ada",NED,Women,200m butterfly,W,Gold
Mexico,1968,Aquatics,Swimming,"LINDNER, Helga",GDR,Women,200m butterfly,W,Silver
Mexico,1968,Aquatics,Swimming,"NELSON, John Mauer",USA,Men,200m freestyle,M,Bronze
Mexico,1968,Aquatics,Swimming,"WENDEN, Michael Vincent",AUS,Men,200m freestyle,M,Gold
Mexico,1968,Aquatics,Swimming,"SCHOLLANDER, Donald Arthur",USA,Men,200m freestyle,M,Silver
Mexico,1968,Aquatics,Swimming,"BARKMAN, Jane Louise",USA,Women,200m freestyle,W,Bronze
Mexico,1968,Aquatics,Swimming,"MEYER, Deborah",USA,Women,200m freestyle,W,Gold
Mexico,1968,Aquatics,Swimming,"HENNE, Jane Margo",USA,Women,200m freestyle,W,Silver
Mexico,1968,Aquatics,Swimming,"FERRIS, John Edward",USA,Men,200m individual medley,M,Bronze
Mexico,1968,Aquatics,Swimming,"HICKCOX, Charles Buchanan",USA,Men,200m individual medley,M,Gold
Mexico,1968,Aquatics,Swimming,"BUCKINGHAM, Gregory F.",USA,Men,200m individual medley,M,Silver
Mexico,1968,Aquatics,Swimming,"HENNE, Jane Margo",USA,Women,200m individual medley,W,Bronze
Mexico,1968,Aquatics,Swimming,"KOLB, Claudia Anne",USA,Women,200m individual medley,W,Gold
Mexico,1968,Aquatics,Swimming,"PEDERSEN, Susan Jane",USA,Women,200m individual medley,W,Silver
Mexico,1968,Aquatics,Swimming,"MOSCONI, Alain",FRA,Men,400m freestyle,M,Bronze
Mexico,1968,Aquatics,Swimming,"BURTON, Michael Jay",USA,Men,400m freestyle,M,Gold
Mexico,1968,Aquatics,Swimming,"HUTTON, Ralph",CAN,Men,400m freestyle,M,Silver
Mexico,1968,Aquatics,Swimming,"MORAS, Karen Lynne",AUS,Women,400m freestyle,W,Bronze
Mexico,1968,Aquatics,Swimming,"MEYER, Deborah",USA,Women,400m freestyle,W,Gold
Mexico,1968,Aquatics,Swimming,"GUSTAVSON, Linda Lee",USA,Women,400m freestyle,W,Silver
Mexico,1968,Aquatics,Swimming,"HOLTHAUS, Michael",FRG,Men,400m individual medley,M,Bronze
Mexico,1968,Aquatics,Swimming,"HICKCOX, Charles Buchanan",USA,Men,400m individual medley,M,Gold
Mexico,1968,Aquatics,Swimming,"HALL, Gary Wayne",USA,Men,400m individual medley,M,Silver
Mexico,1968,Aquatics,Swimming,"STEINBACH, Sabine",GDR,Women,400m individual medley,W,Bronze
Mexico,1968,Aquatics,Swimming,"KOLB, Claudia Anne",USA,Women,400m individual medley,W,Gold
Mexico,1968,Aquatics,Swimming,"VIDALI, Lynn Marie",USA,Women,400m individual medley,W,Silver
Mexico,1968,Aquatics,Swimming,"CUSACK, Robert",AUS,Men,4x100m freestyle relay,M,Bronze
Mexico,1968,Aquatics,Swimming,"ROGERS, Gregory",AUS,Men,4x100m freestyle relay,M,Bronze
Mexico,1968,Aquatics,Swimming,"WENDEN, Michael Vincent",AUS,Men,4x100m freestyle relay,M,Bronze
Mexico,1968,Aquatics,Swimming,"WINDLE, Robert George",AUS,Men,4x100m freestyle relay,M,Bronze
Mexico,1968,Aquatics,Swimming,"RERYCH, Stephen Karl",USA,Men,4x100m freestyle relay,M,Gold
Mexico,1968,Aquatics,Swimming,"SPITZ, Mark",USA,Men,4x100m freestyle relay,M,Gold
Mexico,1968,Aquatics,Swimming,"WALSH, Kenneth Marshall",USA,Men,4x100m freestyle relay,M,Gold
Mexico,1968,Aquatics,Swimming,"ZORN, Zachary",USA,Men,4x100m freestyle relay,M,Gold
Mexico,1968,Aquatics,Swimming,"BELITS-GEIMAN, Semyon",URS,Men,4x100m freestyle relay,M,Silver
Mexico,1968,Aquatics,Swimming,"ILYICHEV, Leonid",URS,Men,4x100m freestyle relay,M,Silver
Mexico,1968,Aquatics,Swimming,"KULIKOV, Georgi",URS,Men,4x100m freestyle relay,M,Silver
Mexico,1968,Aquatics,Swimming,"MAZANOV, Viktor",URS,Men,4x100m freestyle relay,M,Silver
Mexico,1968,Aquatics,Swimming,"CORSON-WHITNEY, Marilyn",CAN,Women,4x100m freestyle relay,W,Bronze
Mexico,1968,Aquatics,Swimming,"COUGHLAN, Angela",CAN,Women,4x100m freestyle relay,W,Bronze
Mexico,1968,Aquatics,Swimming,"LAY, Marion Beverly",CAN,Women,4x100m freestyle relay,W,Bronze
Mexico,1968,Aquatics,Swimming,"TANNER, Elaine",CAN,Women,4x100m freestyle relay,W,Bronze
Mexico,1968,Aquatics,Swimming,"BARKMAN, Jane Louise",USA,Women,4x100m freestyle relay,W,Gold
Mexico,1968,Aquatics,Swimming,"GUSTAVSON, Linda Lee",USA,Women,4x100m freestyle relay,W,Gold
Mexico,1968,Aquatics,Swimming,"HENNE, Jane Margo",USA,Women,4x100m freestyle relay,W,Gold
Mexico,1968,Aquatics,Swimming,"PEDERSEN, Susan Jane",USA,Women,4x100m freestyle relay,W,Gold
Mexico,1968,Aquatics,Swimming,"KRAUSE, Roswitha",GDR,Women,4x100m freestyle relay,W,Silver
Mexico,1968,Aquatics,Swimming,"PERTHES, Gabriele",GDR,Women,4x100m freestyle relay,W,Silver
Mexico,1968,Aquatics,Swimming,"SCHMUCK, Uta",GDR,Women,4x100m freestyle relay,W,Silver
Mexico,1968,Aquatics,Swimming,"WETZKO, Gabriele",GDR,Women,4x100m freestyle relay,W,Silver
Mexico,1968,Aquatics,Swimming,"GROMAK, Yuri",URS,Men,4x100m medley relay,M,Bronze
Mexico,1968,Aquatics,Swimming,"ILYICHEV, Leonid",URS,Men,4x100m medley relay,M,Bronze
Mexico,1968,Aquatics,Swimming,"KOSINSKY, Vladimir",URS,Men,4x100m medley relay,M,Bronze
Mexico,1968,Aquatics,Swimming,"NEMSHILOV, Vladimir",URS,Men,4x100m medley relay,M,Bronze
Mexico,1968,Aquatics,Swimming,"HICKCOX, Charles Buchanan",USA,Men,4x100m medley relay,M,Gold
Mexico,1968,Aquatics,Swimming,"MCKENZIE, Donald Ward Jr.",USA,Men,4x100m medley relay,M,Gold
Mexico,1968,Aquatics,Swimming,"RUSSELL, Douglas Albert",USA,Men,4x100m medley relay,M,Gold
Mexico,1968,Aquatics,Swimming,"WALSH, Kenneth Marshall",USA,Men,4x100m medley relay,M,Gold
Mexico,1968,Aquatics,Swimming,"GREGOR, Horst-Günther",GDR,Men,4x100m medley relay,M,Silver
Mexico,1968,Aquatics,Swimming,"HENNINGER, Egon",GDR,Men,4x100m medley relay,M,Silver
Mexico,1968,Aquatics,Swimming,"MATTHES, Roland",GDR,Men,4x100m medley relay,M,Silver
Mexico,1968,Aquatics,Swimming,"WIEGAND, Frank",GDR,Men,4x100m medley relay,M,Silver
Mexico,1968,Aquatics,Swimming,"FROMMATER, Uta",FRG,Women,4x100m medley relay,W,Bronze
Mexico,1968,Aquatics,Swimming,"HUSTEDE-NAGEL, Heike",FRG,Women,4x100m medley relay,W,Bronze
Mexico,1968,Aquatics,Swimming,"KRAUS, Angelika",FRG,Women,4x100m medley relay,W,Bronze
Mexico,1968,Aquatics,Swimming,"REINECK, Heidemarie",FRG,Women,4x100m medley relay,W,Bronze
Mexico,1968,Aquatics,Swimming,"BALL, Catherine",USA,Women,4x100m medley relay,W,Gold
Mexico,1968,Aquatics,Swimming,"DANIEL, Eleanor Suzanne",USA,Women,4x100m medley relay,W,Gold
Mexico,1968,Aquatics,Swimming,"HALL, Kaye Marie",USA,Women,4x100m medley relay,W,Gold
Mexico,1968,Aquatics,Swimming,"PEDERSEN, Susan Jane",USA,Women,4x100m medley relay,W,Gold
Mexico,1968,Aquatics,Swimming,"MCCLEMENTS, Lynette",AUS,Women,4x100m medley relay,W,Silver
Mexico,1968,Aquatics,Swimming,"PLAYFAIR, Judith",AUS,Women,4x100m medley relay,W,Silver
Mexico,1968,Aquatics,Swimming,"STEINBECK, Janet",AUS,Women,4x100m medley relay,W,Silver
Mexico,1968,Aquatics,Swimming,"WATSON, Lynette",AUS,Women,4x100m medley relay,W,Silver
Mexico,1968,Aquatics,Swimming,"BELITS-GEIMAN, Semyon",URS,Men,4x200m freestyle relay,M,Bronze
Mexico,1968,Aquatics,Swimming,"BURE, Vladimir",URS,Men,4x200m freestyle relay,M,Bronze
Mexico,1968,Aquatics,Swimming,"ILYICHEV, Leonid",URS,Men,4x200m freestyle relay,M,Bronze
Mexico,1968,Aquatics,Swimming,"KULIKOV, Georgi",URS,Men,4x200m freestyle relay,M,Bronze
Mexico,1968,Aquatics,Swimming,"NELSON, John Mauer",USA,Men,4x200m freestyle relay,M,Gold
Mexico,1968,Aquatics,Swimming,"RERYCH, Stephen Karl",USA,Men,4x200m freestyle relay,M,Gold
Mexico,1968,Aquatics,Swimming,"SCHOLLANDER, Donald Arthur",USA,Men,4x200m freestyle relay,M,Gold
Mexico,1968,Aquatics,Swimming,"SPITZ, Mark",USA,Men,4x200m freestyle relay,M,Gold
Mexico,1968,Aquatics,Swimming,"ROGERS, Gregory",AUS,Men,4x200m freestyle relay,M,Silver
Mexico,1968,Aquatics,Swimming,"WENDEN, Michael Vincent",AUS,Men,4x200m freestyle relay,M,Silver
Mexico,1968,Aquatics,Swimming,"WHITE, Graham Rose",AUS,Men,4x200m freestyle relay,M,Silver
Mexico,1968,Aquatics,Swimming,"WINDLE, Robert George",AUS,Men,4x200m freestyle relay,M,Silver
Mexico,1968,Aquatics,Swimming,"RAMIREZ, Maria Teresa",MEX,Women,800m freestyle,W,Bronze
Mexico,1968,Aquatics,Swimming,"MEYER, Deborah",USA,Women,800m freestyle,W,Gold
Mexico,1968,Aquatics,Swimming,"KRUSE, Pamela Jean",USA,Women,800m freestyle,W,Silver
Mexico,1968,Aquatics,Water polo,"BODNAR, Andras",HUN,Men,water polo,M,Bronze
Mexico,1968,Aquatics,Water polo,"DÖMÖTÖR, Zoltan",HUN,Men,water polo,M,Bronze
Mexico,1968,Aquatics,Water polo,"FELKAI, Laszlo",HUN,Men,water polo,M,Bronze
Mexico,1968,Aquatics,Water polo,"KONRAD, Ferenc",HUN,Men,water polo,M,Bronze
Mexico,1968,Aquatics,Water polo,"KONRAD, Janos",HUN,Men,water polo,M,Bronze
Mexico,1968,Aquatics,Water polo,"MAYER, Mihaly",HUN,Men,water polo,M,Bronze
Mexico,1968,Aquatics,Water polo,"MOLNAR, Endre",HUN,Men,water polo,M,Bronze
Mexico,1968,Aquatics,Water polo,"POCSIK, Denes",HUN,Men,water polo,M,Bronze
Mexico,1968,Aquatics,Water polo,"SAROSI, Laszlo",HUN,Men,water polo,M,Bronze
Mexico,1968,Aquatics,Water polo,"STEINMETZ, Janos",HUN,Men,water polo,M,Bronze
Mexico,1968,Aquatics,Water polo,"SZIVOS, Istvan",HUN,Men,water polo,M,Bronze
Mexico,1968,Aquatics,Water polo,"BONACIC, Ozren",YUG,Men,water polo,M,Gold
Mexico,1968,Aquatics,Water polo,"DABOVIC, Dejan",YUG,Men,water polo,M,Gold
Mexico,1968,Aquatics,Water polo,"HEBEL, Zdravko",YUG,Men,water polo,M,Gold
Mexico,1968,Aquatics,Water polo,"JANKOVIC, Zoran",YUG,Men,water polo,M,Gold
Mexico,1968,Aquatics,Water polo,"LOPATINI, Ronald",YUG,Men,water polo,M,Gold
Mexico,1968,Aquatics,Water polo,"MAROVIC, Uros",YUG,Men,water polo,M,Gold
Mexico,1968,Aquatics,Water polo,"PERISIC, Djordje",YUG,Men,water polo,M,Gold
Mexico,1968,Aquatics,Water polo,"POLJAK, Miroslav",YUG,Men,water polo,M,Gold
Mexico,1968,Aquatics,Water polo,"SANDIC, Mirko",YUG,Men,water polo,M,Gold
Mexico,1968,Aquatics,Water polo,"STIPANIC, Karlo",YUG,Men,water polo,M,Gold
Mexico,1968,Aquatics,Water polo,"TRUMBIC, Ivo",YUG,Men,water polo,M,Gold
Mexico,1968,Aquatics,Water polo,"BARKALOV, Aleksei",URS,Men,water polo,M,Silver
Mexico,1968,Aquatics,Water polo,"BOVIN, Oleg",URS,Men,water polo,M,Silver
Mexico,1968,Aquatics,Water polo,"CHIKVANAYA, Givi",URS,Men,water polo,M,Silver
Mexico,1968,Aquatics,Water polo,"DOLGUSHIN, Aleksandr",URS,Men,water polo,M,Silver
Mexico,1968,Aquatics,Water polo,"GRIGOROVSKY, Yuri",URS,Men,water polo,M,Silver
Mexico,1968,Aquatics,Water polo,"GRISHIN, Boris",URS,Men,water polo,M,Silver
Mexico,1968,Aquatics,Water polo,"GULYAEV, Vadim",URS,Men,water polo,M,Silver
Mexico,1968,Aquatics,Water polo,"OSIPOV, Leonid",URS,Men,water polo,M,Silver
Mexico,1968,Aquatics,Water polo,"SEMENOV, Vladimir",URS,Men,water polo,M,Silver
Mexico,1968,Aquatics,Water polo,"SHIDLOVSKY, Aleksandr",URS,Men,water polo,M,Silver
Mexico,1968,Aquatics,Water polo,"SKOK, Vyacheslav",URS,Men,water polo,M,Silver
Mexico,1968,Athletics,Athletics,"GAMMOUDI, Mohamed",TUN,Men,10000m,M,Bronze
Mexico,1968,Athletics,Athletics,"TEMU, Nabiba Naftali",KEN,Men,10000m,M,Gold
Mexico,1968,Athletics,Athletics,"WOLDE, Mamo",ETH,Men,10000m,M,Silver
Mexico,1968,Athletics,Athletics,"GREENE, Charles Edward",USA,Men,100m,M,Bronze
Mexico,1968,Athletics,Athletics,"HINES, James Ray",USA,Men,100m,M,Gold
Mexico,1968,Athletics,Athletics,"MILLER, Lennox",JAM,Men,100m,M,Silver
Mexico,1968,Athletics,Athletics,"SZEWINSKA, Irena",POL,Women,100m,W,Bronze
Mexico,1968,Athletics,Athletics,"TYUS, Wyomia",USA,Women,100m,W,Gold
Mexico,1968,Athletics,Athletics,"FERRELL, Barbara Ann",USA,Women,100m,W,Silver
Mexico,1968,Athletics,Athletics,"OTTOZ, Eddy",ITA,Men,110m hurdles,M,Bronze
Mexico,1968,Athletics,Athletics,"DAVENPORT, Willie",USA,Men,110m hurdles,M,Gold
Mexico,1968,Athletics,Athletics,"HALL, Ervin",USA,Men,110m hurdles,M,Silver
Mexico,1968,Athletics,Athletics,"TÜMMLER, Bodo",FRG,Men,1500m,M,Bronze
Mexico,1968,Athletics,Athletics,"KEINO, Kipchoge",KEN,Men,1500m,M,Gold
Mexico,1968,Athletics,Athletics,"RYUN, James Ronald",USA,Men,1500m,M,Silver
Mexico,1968,Athletics,Athletics,"CARLOS, John Wesley",USA,Men,200m,M,Bronze
Mexico,1968,Athletics,Athletics,"SMITH, Thomas C.",USA,Men,200m,M,Gold
Mexico,1968,Athletics,Athletics,"NORMAN, Peter George",AUS,Men,200m,M,Silver
Mexico,1968,Athletics,Athletics,"LAMY-FRANK, Jennifer",AUS,Women,200m,W,Bronze
Mexico,1968,Athletics,Athletics,"SZEWINSKA, Irena",POL,Women,200m,W,Gold
Mexico,1968,Athletics,Athletics,"BOYLE, Raelene Ann",AUS,Women,200m,W,Silver
Mexico,1968,Athletics,Athletics,"SMAGA, Nikolai",URS,Men,20km walk,M,Bronze
Mexico,1968,Athletics,Athletics,"GOLUBNICHY, Vladimir",URS,Men,20km walk,M,Gold
Mexico,1968,Athletics,Athletics,"PEDRAZA ZUNIGA, Jose",MEX,Men,20km walk,M,Silver
Mexico,1968,Athletics,Athletics,"YOUNG, George L.",USA,Men,3000m steeplechase,M,Bronze
Mexico,1968,Athletics,Athletics,"BIWOTT, Amos Kipwabok",KEN,Men,3000m steeplechase,M,Gold
Mexico,1968,Athletics,Athletics,"KOGO, Benjamin",KEN,Men,3000m steeplechase,M,Silver
Mexico,1968,Athletics,Athletics,"FREEMAN, Ronald John III",USA,Men,400m,M,Bronze
Mexico,1968,Athletics,Athletics,"EVANS, Lee Edward",USA,Men,400m,M,Gold
Mexico,1968,Athletics,Athletics,"JAMES, George Lawrence",USA,Men,400m,M,Silver
Mexico,1968,Athletics,Athletics,"PECHENKINA, Natalya",URS,Women,400m,W,Bronze
Mexico,1968,Athletics,Athletics,"BESSON, Colette",FRA,Women,400m,W,Gold
Mexico,1968,Athletics,Athletics,"BOARD, Lillian Barbara",GBR,Women,400m,W,Silver
Mexico,1968,Athletics,Athletics,"SHERWOOD, John",GBR,Men,400m hurdles,M,Bronze
Mexico,1968,Athletics,Athletics,"HEMERY, David Peter",GBR,Men,400m hurdles,M,Gold
Mexico,1968,Athletics,Athletics,"HENNIGE, Gerhard",FRG,Men,400m hurdles,M,Silver
Mexico,1968,Athletics,Athletics,"BAMBUCK, Roger",FRA,Men,4x100m relay,M,Bronze
Mexico,1968,Athletics,Athletics,"DELECOUR, Jocelyn",FRA,Men,4x100m relay,M,Bronze
Mexico,1968,Athletics,Athletics,"FENOUIL, Gerard",FRA,Men,4x100m relay,M,Bronze
Mexico,1968,Athletics,Athletics,"PIQUEMAL, Claude",FRA,Men,4x100m relay,M,Bronze
Mexico,1968,Athletics,Athletics,"GREENE, Charles Edward",USA,Men,4x100m relay,M,Gold
Mexico,1968,Athletics,Athletics,"HINES, James Ray",USA,Men,4x100m relay,M,Gold
Mexico,1968,Athletics,Athletics,"PENDER, Melvin Jr.",USA,Men,4x100m relay,M,Gold
Mexico,1968,Athletics,Athletics,"SMITH, Ronald Ray",USA,Men,4x100m relay,M,Gold
Mexico,1968,Athletics,Athletics,"FIGUEROLA CAMUE, Enrique",CUB,Men,4x100m relay,M,Silver
Mexico,1968,Athletics,Athletics,"MONTES CASANOVA, Pablo",CUB,Men,4x100m relay,M,Silver
Mexico,1968,Athletics,Athletics,"MORALES HACHAVARRIA, Juan",CUB,Men,4x100m relay,M,Silver
Mexico,1968,Athletics,Athletics,"RAMIREZ LIMONTA, Hermes Julian",CUB,Men,4x100m relay,M,Silver
Mexico,1968,Athletics,Athletics,"BUKHARINA, Galina",URS,Women,4x100m relay,W,Bronze
Mexico,1968,Athletics,Athletics,"IGNATYEVA-SAMOTESOVA, Lyudmila",URS,Women,4x100m relay,W,Bronze
Mexico,1968,Athletics,Athletics,"POPKOVA, Vera",URS,Women,4x100m relay,W,Bronze
Mexico,1968,Athletics,Athletics,"ZHARKOVA-MASLAKOVA, Liudmila",URS,Women,4x100m relay,W,Bronze
Mexico,1968,Athletics,Athletics,"BAILES, Margaret Johnson",USA,Women,4x100m relay,W,Gold
Mexico,1968,Athletics,Athletics,"FERRELL, Barbara Ann",USA,Women,4x100m relay,W,Gold
Mexico,1968,Athletics,Athletics,"NETTER, Mildrette",USA,Women,4x100m relay,W,Gold
Mexico,1968,Athletics,Athletics,"TYUS, Wyomia",USA,Women,4x100m relay,W,Gold
Mexico,1968,Athletics,Athletics,"COBIAN HECHEVARRIA, Miguelina",CUB,Women,4x100m relay,W,Silver
Mexico,1968,Athletics,Athletics,"ELEJALDE DIAZ, Marlene",CUB,Women,4x100m relay,W,Silver
Mexico,1968,Athletics,Athletics,"QUESADA DIAZ, Violetta",CUB,Women,4x100m relay,W,Silver
Mexico,1968,Athletics,Athletics,"ROMAY MARTINEZ, Fulgencia",CUB,Women,4x100m relay,W,Silver
Mexico,1968,Athletics,Athletics,"HENNIGE, Gerhard",FRG,Men,4x400m relay,M,Bronze
Mexico,1968,Athletics,Athletics,"JELLINGHAUS, Martin",FRG,Men,4x400m relay,M,Bronze
Mexico,1968,Athletics,Athletics,"KINDER, Manfred",FRG,Men,4x400m relay,M,Bronze
Mexico,1968,Athletics,Athletics,"MULLER, Helmar",FRG,Men,4x400m relay,M,Bronze
Mexico,1968,Athletics,Athletics,"EVANS, Lee Edward",USA,Men,4x400m relay,M,Gold
Mexico,1968,Athletics,Athletics,"FREEMAN, Ronald John III",USA,Men,4x400m relay,M,Gold
Mexico,1968,Athletics,Athletics,"JAMES, George Lawrence",USA,Men,4x400m relay,M,Gold
Mexico,1968,Athletics,Athletics,"MATTHEWS, Vincent Edward",USA,Men,4x400m relay,M,Gold
Mexico,1968,Athletics,Athletics,"ASATI, Charles",KEN,Men,4x400m relay,M,Silver
Mexico,1968,Athletics,Athletics,"BON, Naftali",KEN,Men,4x400m relay,M,Silver
Mexico,1968,Athletics,Athletics,"NYAMAU, Hezekiah Munyoro",KEN,Men,4x400m relay,M,Silver
Mexico,1968,Athletics,Athletics,"RUDISHA, Daniel Matasi",KEN,Men,4x400m relay,M,Silver
Mexico,1968,Athletics,Athletics,"TEMU, Nabiba Naftali",KEN,Men,5000m,M,Bronze
Mexico,1968,Athletics,Athletics,"GAMMOUDI, Mohamed",TUN,Men,5000m,M,Gold
Mexico,1968,Athletics,Athletics,"KEINO, Kipchoge",KEN,Men,5000m,M,Silver
Mexico,1968,Athletics,Athletics,"YOUNG, Lawrence Dean",USA,Men,50km walk,M,Bronze
Mexico,1968,Athletics,Athletics,"HÖHNE, Christoph",GDR,Men,50km walk,M,Gold
Mexico,1968,Athletics,Athletics,"KISS, Antal",HUN,Men,50km walk,M,Silver
Mexico,1968,Athletics,Athletics,"FARRELL, Thomas Francis",USA,Men,800m,M,Bronze
Mexico,1968,Athletics,Athletics,"DOUBELL, Ralph",AUS,Men,800m,M,Gold
Mexico,1968,Athletics,Athletics,"KIPRUGUT, Wilson Chuma",KEN,Men,800m,M,Silver
Mexico,1968,Athletics,Athletics,"GOMMERS, Maria Francisca P.",NED,Women,800m,W,Bronze
Mexico,1968,Athletics,Athletics,"MANNING-JACKSON, Madeline",USA,Women,800m,W,Gold
Mexico,1968,Athletics,Athletics,"SILAI, Ileana",ROU,Women,800m,W,Silver
Mexico,1968,Athletics,Athletics,"CHI, Cheng",TPE,Women,80m hurdles,W,Bronze
Mexico,1968,Athletics,Athletics,"CAIRD, Maureen",AUS,Women,80m hurdles,W,Gold
Mexico,1968,Athletics,Athletics,"KILBORN-RYAN-NELSON, Pamela",AUS,Women,80m hurdles,W,Silver
Mexico,1968,Athletics,Athletics,"BENDLIN, Kurt",FRG,Men,decathlon,M,Bronze
Mexico,1968,Athletics,Athletics,"TOOMEY, William Anthony",USA,Men,decathlon,M,Gold
Mexico,1968,Athletics,Athletics,"WALDE, Hans Joachim",FRG,Men,decathlon,M,Silver
Mexico,1968,Athletics,Athletics,"DANEK, Ludvik",TCH,Men,discus throw,M,Bronze
Mexico,1968,Athletics,Athletics,"OERTER, Alfred",USA,Men,discus throw,M,Gold
Mexico,1968,Athletics,Athletics,"MILDE, Lothar",GDR,Men,discus throw,M,Silver
Mexico,1968,Athletics,Athletics,"KLEIBER-KONTSEK, Jolan",HUN,Women,discus throw,W,Bronze
Mexico,1968,Athletics,Athletics,"MANOLIU, Lia",ROU,Women,discus throw,W,Gold
Mexico,1968,Athletics,Athletics,"WESTERMANN, Liselotte (Liesel)",FRG,Women,discus throw,W,Silver
Mexico,1968,Athletics,Athletics,"LOVASZ, Lazar",HUN,Men,hammer throw,M,Bronze
Mexico,1968,Athletics,Athletics,"ZSIVOTZKY, Gyula",HUN,Men,hammer throw,M,Gold
Mexico,1968,Athletics,Athletics,"KLIM, Romuald",URS,Men,hammer throw,M,Silver
Mexico,1968,Athletics,Athletics,"GAVRILOV, Valentin",URS,Men,high jump,M,Bronze
Mexico,1968,Athletics,Athletics,"FOSBURY, Richard Douglas",USA,Men,high jump,M,Gold
Mexico,1968,Athletics,Athletics,"CARUTHERS, Edward J. Jr.",USA,Men,high jump,M,Silver
Mexico,1968,Athletics,Athletics,"KOZYR, Valentina",URS,Women,high jump,W,Bronze
Mexico,1968,Athletics,Athletics,"REZKOVA-HUBNER, Miloslava",TCH,Women,high jump,W,Gold
Mexico,1968,Athletics,Athletics,"OKOROKOVA-LAZAREVA, Antonina",URS,Women,high jump,W,Silver
Mexico,1968,Athletics,Athletics,"KULCSAR, Gergely",HUN,Men,javelin throw,M,Bronze
Mexico,1968,Athletics,Athletics,"LUSIS, Yanis",URS,Men,javelin throw,M,Gold
Mexico,1968,Athletics,Athletics,"KINNUNEN, Jorma Viljo Palaavi",FIN,Men,javelin throw,M,Silver
Mexico,1968,Athletics,Athletics,"JANKO-EGGER, Eva",AUT,Women,javelin throw,W,Bronze
Mexico,1968,Athletics,Athletics,"NEMETH-RANKY, Angela",HUN,Women,javelin throw,W,Gold
Mexico,1968,Athletics,Athletics,"PENES, Mihaela",ROU,Women,javelin throw,W,Silver
Mexico,1968,Athletics,Athletics,"BOSTON, Ralph Harold",USA,Men,long jump,M,Bronze
Mexico,1968,Athletics,Athletics,"BEAMON, Bob",USA,Men,long jump,M,Gold
Mexico,1968,Athletics,Athletics,"BEER, Klaus",GDR,Men,long jump,M,Silver
Mexico,1968,Athletics,Athletics,"TALYSHEVA, Tatyana",URS,Women,long jump,W,Bronze
Mexico,1968,Athletics,Athletics,"VISCOPOLEANU, Viorica",ROU,Women,long jump,W,Gold
Mexico,1968,Athletics,Athletics,"PARKIN-SHERWOOD, Sheila Hilary",GBR,Women,long jump,W,Silver
Mexico,1968,Athletics,Athletics,"RYAN, Michael Robert",NZL,Men,marathon,M,Bronze
Mexico,1968,Athletics,Athletics,"WOLDE, Mamo",ETH,Men,marathon,M,Gold
Mexico,1968,Athletics,Athletics,"KIMIHARA, Kenji",JPN,Men,marathon,M,Silver
Mexico,1968,Athletics,Athletics,"TOTH, Annamaria",HUN,Women,pentathlon,W,Bronze
Mexico,1968,Athletics,Athletics,"BECKER-MICKLER, Ingrid",FRG,Women,pentathlon,W,Gold
Mexico,1968,Athletics,Athletics,"PROKOP-SYKORA, Liese",AUT,Women,pentathlon,W,Silver
Mexico,1968,Athletics,Athletics,"NORDWIG, Wolfgang",GDR,Men,pole vault,M,Bronze
Mexico,1968,Athletics,Athletics,"SEAGREN, Robert Lloyd",USA,Men,pole vault,M,Gold
Mexico,1968,Athletics,Athletics,"SCHIPROWSKI, Claus",FRG,Men,pole vault,M,Silver
Mexico,1968,Athletics,Athletics,"GUSHCHIN, Eduard",URS,Men,shot put,M,Bronze
Mexico,1968,Athletics,Athletics,"MATSON, James Randel",USA,Men,shot put,M,Gold
Mexico,1968,Athletics,Athletics,"WOODS, George Roger",USA,Men,shot put,M,Silver
Mexico,1968,Athletics,Athletics,"CHIZHOVA, Nadezhda",URS,Women,shot put,W,Bronze
Mexico,1968,Athletics,Athletics,"HELMBOLD-GUMMEL, Margitta",GDR,Women,shot put,W,Gold
Mexico,1968,Athletics,Athletics,"LANGE, Marita",GDR,Women,shot put,W,Silver
Mexico,1968,Athletics,Athletics,"GENTILE, Giuseppe",ITA,Men,triple jump,M,Bronze
Mexico,1968,Athletics,Athletics,"SANEEV, Viktor",URS,Men,triple jump,M,Gold
Mexico,1968,Athletics,Athletics,"PRUDENCIO, Nelson",BRA,Men,triple jump,M,Silver
Mexico,1968,Basketball,Basketball,"ANDREEV, Vladimir",URS,Men,basketball,M,Bronze
Mexico,1968,Basketball,Basketball,"BELOV, Sergei",URS,Men,basketball,M,Bronze
Mexico,1968,Basketball,Basketball,"KAPRANOV, Vadim",URS,Men,basketball,M,Bronze
Mexico,1968,Basketball,Basketball,"KOVALENKO, Sergei",URS,Men,basketball,M,Bronze
Mexico,1968,Basketball,Basketball,"KRIKUN, Anatoli",URS,Men,basketball,M,Bronze
Mexico,1968,Basketball,Basketball,"LIPSO, Yaak",URS,Men,basketball,M,Bronze
Mexico,1968,Basketball,Basketball,"PAULAUSKAS, Modestas",URS,Men,basketball,M,Bronze
Mexico,1968,Basketball,Basketball,"POLIVODA, Anatoli",URS,Men,basketball,M,Bronze
Mexico,1968,Basketball,Basketball,"SAKANDELIDZE, Zurab",URS,Men,basketball,M,Bronze
Mexico,1968,Basketball,Basketball,"SELIKHOV, Yuri",URS,Men,basketball,M,Bronze
Mexico,1968,Basketball,Basketball,"TOMSON, Priit",URS,Men,basketball,M,Bronze
Mexico,1968,Basketball,Basketball,"VOLNOV, Gennadi",URS,Men,basketball,M,Bronze
Mexico,1968,Basketball,Basketball,"BARRETT, Michael Thomas",USA,Men,basketball,M,Gold
Mexico,1968,Basketball,Basketball,"CLAWSON, John Richard",USA,Men,basketball,M,Gold
Mexico,1968,Basketball,Basketball,"DEE, Donald Francis",USA,Men,basketball,M,Gold
Mexico,1968,Basketball,Basketball,"FOWLER, Calvin Bernard",USA,Men,basketball,M,Gold
Mexico,1968,Basketball,Basketball,"HAYWOOD, Spencer",USA,Men,basketball,M,Gold
Mexico,1968,Basketball,Basketball,"HOSKETT, Wilmer Frederick",USA,Men,basketball,M,Gold
Mexico,1968,Basketball,Basketball,"KING, James",USA,Men,basketball,M,Gold
Mexico,1968,Basketball,Basketball,"SAULTERS, Glynn",USA,Men,basketball,M,Gold
Mexico,1968,Basketball,Basketball,"SCOTT, Charles Thomas",USA,Men,basketball,M,Gold
Mexico,1968,Basketball,Basketball,"SILLIMAN, Michael Barnwell",USA,Men,basketball,M,Gold
Mexico,1968,Basketball,Basketball,"SPAIN, John Kenneth",USA,Men,basketball,M,Gold
Mexico,1968,Basketball,Basketball,"WHITE, Joseph Henry",USA,Men,basketball,M,Gold
Mexico,1968,Basketball,Basketball,"CERMAK, Dragutin",YUG,Men,basketball,M,Silver
Mexico,1968,Basketball,Basketball,"COSIC, Kresimir",YUG,Men,basketball,M,Silver
Mexico,1968,Basketball,Basketball,"CVETKOVIC, Vladimir",YUG,Men,basketball,M,Silver
Mexico,1968,Basketball,Basketball,"DANEU, Ivo",YUG,Men,basketball,M,Silver
Mexico,1968,Basketball,Basketball,"KORAC, Radivoje",YUG,Men,basketball,M,Silver
Mexico,1968,Basketball,Basketball,"MAROEVIC, Zoran",YUG,Men,basketball,M,Silver
Mexico,1968,Basketball,Basketball,"PLECAS, Nikola",YUG,Men,basketball,M,Silver
Mexico,1968,Basketball,Basketball,"RAJKOVIC, Trajko",YUG,Men,basketball,M,Silver
Mexico,1968,Basketball,Basketball,"RAZNATOVIC, Dragoslav",YUG,Men,basketball,M,Silver
Mexico,1968,Basketball,Basketball,"SKANSI, Petar",YUG,Men,basketball,M,Silver
Mexico,1968,Basketball,Basketball,"SOLMAN, Damir",YUG,Men,basketball,M,Silver
Mexico,1968,Basketball,Basketball,"ZORGA, Aljosa",YUG,Men,basketball,M,Silver
Mexico,1968,Boxing,Boxing,"MARBLEY, Harlan Joseph",USA,Men,- 48kg (light-flyweight),M,Bronze
Mexico,1968,Boxing,Boxing,"SKRZYPCZAK, Hubert",POL,Men,- 48kg (light-flyweight),M,Bronze
Mexico,1968,Boxing,Boxing,"RODRIGUEZ, Francisco",VEN,Men,- 48kg (light-flyweight),M,Gold
Mexico,1968,Boxing,Boxing,"JEE, Yong-Ju",KOR,Men,- 48kg (light-flyweight),M,Silver
Mexico,1968,Boxing,Boxing,"BAMBINI, Giorgio",ITA,Men,+ 81kg (heavyweight),M,Bronze
Mexico,1968,Boxing,Boxing,"ROCHA, Joaquin",MEX,Men,+ 81kg (heavyweight),M,Bronze
Mexico,1968,Boxing,Boxing,"FOREMAN, George",USA,Men,+ 81kg (heavyweight),M,Gold
Mexico,1968,Boxing,Boxing,"CHEPULIS, Ionas",URS,Men,+ 81kg (heavyweight),M,Silver
Mexico,1968,Boxing,Boxing,"DE OLIVEIRA, Servilio",BRA,Men,48 - 51kg (flyweight),M,Bronze
Mexico,1968,Boxing,Boxing,"RWABDOGO, Leo",UGA,Men,48 - 51kg (flyweight),M,Bronze
Mexico,1968,Boxing,Boxing,"DELGADO, Ricardo",MEX,Men,48 - 51kg (flyweight),M,Gold
Mexico,1968,Boxing,Boxing,"OLECH, Artur",POL,Men,48 - 51kg (flyweight),M,Silver
Mexico,1968,Boxing,Boxing,"CHANG, Kyou-Chul",KOR,Men,51 - 54kg (bantamweight),M,Bronze
Mexico,1968,Boxing,Boxing,"MORIOKA, Eiji",JPN,Men,51 - 54kg (bantamweight),M,Bronze
Mexico,1968,Boxing,Boxing,"SOKOLOV, Valeri",URS,Men,51 - 54kg (bantamweight),M,Gold
Mexico,1968,Boxing,Boxing,"MUKWANGA, Eridadi",UGA,Men,51 - 54kg (bantamweight),M,Silver
Mexico,1968,Boxing,Boxing,"MIKAILOV, Ivan",BUL,Men,54 - 57kg (featherweight),M,Bronze
Mexico,1968,Boxing,Boxing,"WARUINGE, Philip",KEN,Men,54 - 57kg (featherweight),M,Bronze
Mexico,1968,Boxing,Boxing,"ROLDAN, Antonio",MEX,Men,54 - 57kg (featherweight),M,Gold
Mexico,1968,Boxing,Boxing,"ROBINSON, Alberto",USA,Men,54 - 57kg (featherweight),M,Silver
Mexico,1968,Boxing,Boxing,"CUTOV, Calistrat",ROU,Men,57 - 60kg (lightweight),M,Bronze
Mexico,1968,Boxing,Boxing,"VUJIN, Zvonimir",YUG,Men,57 - 60kg (lightweight),M,Bronze
Mexico,1968,Boxing,Boxing,"HARRIS, Ronald Woodson",USA,Men,57 - 60kg (lightweight),M,Gold
Mexico,1968,Boxing,Boxing,"GRUDZIEN, Jozef",POL,Men,57 - 60kg (lightweight),M,Silver
Mexico,1968,Boxing,Boxing,"NILSSON, Arto",FIN,Men,60 - 63.5kg (light-welterweight),M,Bronze
Mexico,1968,Boxing,Boxing,"WALLINGTON, James Robert Jr.",USA,Men,60 - 63.5kg (light-welterweight),M,Bronze
Mexico,1968,Boxing,Boxing,"KULEJ, Jerzy",POL,Men,60 - 63.5kg (light-welterweight),M,Gold
Mexico,1968,Boxing,Boxing,"REQUEIFEROS BLANCO, Enrique",CUB,Men,60 - 63.5kg (light-welterweight),M,Silver
Mexico,1968,Boxing,Boxing,"GUILOTTI GONZALEZ, Mario",ARG,Men,63.5 - 67kg (welterweight),M,Bronze
Mexico,1968,Boxing,Boxing,"MUSALIMOV, Vladimir",URS,Men,63.5 - 67kg (welterweight),M,Bronze
Mexico,1968,Boxing,Boxing,"WOLKE, Manfred",GDR,Men,63.5 - 67kg (welterweight),M,Gold
Mexico,1968,Boxing,Boxing,"BESSALA, Joseph",CMR,Men,63.5 - 67kg (welterweight),M,Silver
Mexico,1968,Boxing,Boxing,"BALDWIN, John Lee",USA,Men,67 - 71kg (light-middleweight),M,Bronze
Mexico,1968,Boxing,Boxing,"MEIER, Günther",FRG,Men,67 - 71kg (light-middleweight),M,Bronze
Mexico,1968,Boxing,Boxing,"LAGUTIN, Boris",URS,Men,67 - 71kg (light-middleweight),M,Gold
Mexico,1968,Boxing,Boxing,"GARBEY, Rolando",CUB,Men,67 - 71kg (light-middleweight),M,Silver
Mexico,1968,Boxing,Boxing,"JONES, Alfred",USA,Men,71-75kg,M,Bronze
Mexico,1968,Boxing,Boxing,"ZARAGOZA, Agustin",MEX,Men,71-75kg,M,Bronze
Mexico,1968,Boxing,Boxing,"FINNEGAN, Christopher Martin",GBR,Men,71-75kg,M,Gold
Mexico,1968,Boxing,Boxing,"KISELEV, Aleksei",URS,Men,71-75kg,M,Silver
Mexico,1968,Boxing,Boxing,"DRAGAN, Stanislaw",POL,Men,75 - 81kg (light-heavyweight),M,Bronze
Mexico,1968,Boxing,Boxing,"STANKOV, Georghi",BUL,Men,75 - 81kg (light-heavyweight),M,Bronze
Mexico,1968,Boxing,Boxing,"POZNYAK, Daniel",URS,Men,75 - 81kg (light-heavyweight),M,Gold
Mexico,1968,Boxing,Boxing,"MONEA, Ion",ROU,Men,75 - 81kg (light-heavyweight),M,Silver
Mexico,1968,Canoe / Kayak,Canoe / Kayak F,"GALKOV, Vitali",URS,Men,C-1 1000m (canoe single),M,Bronze
Mexico,1968,Canoe / Kayak,Canoe / Kayak F,"TATAI, Tibor",HUN,Men,C-1 1000m (canoe single),M,Gold
Mexico,1968,Canoe / Kayak,Canoe / Kayak F,"LEWE, Detlef",FRG,Men,C-1 1000m (canoe single),M,Silver
Mexico,1968,Canoe / Kayak,Canoe / Kayak F,"PROKUPETS, Naum",URS,Men,C-2 1000m (canoe double),M,Bronze
Mexico,1968,Canoe / Kayak,Canoe / Kayak F,"ZAMOTIN, Mikhail",URS,Men,C-2 1000m (canoe double),M,Bronze
Mexico,1968,Canoe / Kayak,Canoe / Kayak F,"COVALIOV, Serghei",ROU,Men,C-2 1000m (canoe double),M,Gold
Mexico,1968,Canoe / Kayak,Canoe / Kayak F,"PATZAICHIN, Ivan",ROU,Men,C-2 1000m (canoe double),M,Gold
Mexico,1968,Canoe / Kayak,Canoe / Kayak F,"PETRIKOVICS, Gyula",HUN,Men,C-2 1000m (canoe double),M,Silver
Mexico,1968,Canoe / Kayak,Canoe / Kayak F,"WICHMANN, Tamas",HUN,Men,C-2 1000m (canoe double),M,Silver
Mexico,1968,Canoe / Kayak,Canoe / Kayak F,"HANSEN, Erik Rosendahl",DEN,Men,K-1 1000m (kayak single),M,Bronze
Mexico,1968,Canoe / Kayak,Canoe / Kayak F,"HESZ, Mihaly",HUN,Men,K-1 1000m (kayak single),M,Gold
Mexico,1968,Canoe / Kayak,Canoe / Kayak F,"SHAPARENKO, Aleksandr",URS,Men,K-1 1000m (kayak single),M,Silver
Mexico,1968,Canoe / Kayak,Canoe / Kayak F,"DUMITRU, Viorica",ROU,Women,K-1 500m (kayak single),W,Bronze
Mexico,1968,Canoe / Kayak,Canoe / Kayak F,"KHVEDOSYUK-PINAEVA, Lyudmila",URS,Women,K-1 500m (kayak single),W,Gold
Mexico,1968,Canoe / Kayak,Canoe / Kayak F,"BREUER-DUKAT, Renate",FRG,Women,K-1 500m (kayak single),W,Silver
Mexico,1968,Canoe / Kayak,Canoe / Kayak F,"PFAFF, Günther",AUT,Men,K-2 1000m (kayak double),M,Bronze
Mexico,1968,Canoe / Kayak,Canoe / Kayak F,"SEIBOLD, Gerhard",AUT,Men,K-2 1000m (kayak double),M,Bronze
Mexico,1968,Canoe / Kayak,Canoe / Kayak F,"MOROZOV, Vladimir",URS,Men,K-2 1000m (kayak double),M,Gold
Mexico,1968,Canoe / Kayak,Canoe / Kayak F,"SHAPARENKO, Aleksandr",URS,Men,K-2 1000m (kayak double),M,Gold
Mexico,1968,Canoe / Kayak,Canoe / Kayak F,"GICZI, Csaba",HUN,Men,K-2 1000m (kayak double),M,Silver
Mexico,1968,Canoe / Kayak,Canoe / Kayak F,"TIMAR, Istvan",HUN,Men,K-2 1000m (kayak double),M,Silver
Mexico,1968,Canoe / Kayak,Canoe / Kayak F,"KHVEDOSYUK-PINAEVA, Lyudmila",URS,Women,K-2 500m (kayak double),W,Bronze
Mexico,1968,Canoe / Kayak,Canoe / Kayak F,"SEREDINA, Antonina",URS,Women,K-2 500m (kayak double),W,Bronze
Mexico,1968,Canoe / Kayak,Canoe / Kayak F,"ESSER, Roswitha",FRG,Women,K-2 500m (kayak double),W,Gold
Mexico,1968,Canoe / Kayak,Canoe / Kayak F,"ZIMMERMANN, Annemarie",FRG,Women,K-2 500m (kayak double),W,Gold
Mexico,1968,Canoe / Kayak,Canoe / Kayak F,"PFEFFER, Anna",HUN,Women,K-2 500m (kayak double),W,Silver
Mexico,1968,Canoe / Kayak,Canoe / Kayak F,"SAGI-ROZSNYOI, Katalin",HUN,Women,K-2 500m (kayak double),W,Silver
Mexico,1968,Canoe / Kayak,Canoe / Kayak F,"CSIZMADIA, Istvan",HUN,Men,K-4 1000m (kayak four),M,Bronze
Mexico,1968,Canoe / Kayak,Canoe / Kayak F,"GICZI, Csaba",HUN,Men,K-4 1000m (kayak four),M,Bronze
Mexico,1968,Canoe / Kayak,Canoe / Kayak F,"SZÖLLÖSI, Imre",HUN,Men,K-4 1000m (kayak four),M,Bronze
Mexico,1968,Canoe / Kayak,Canoe / Kayak F,"TIMAR, Istvan",HUN,Men,K-4 1000m (kayak four),M,Bronze
Mexico,1968,Canoe / Kayak,Canoe / Kayak F,"AMUNDSEN, Steinar",NOR,Men,K-4 1000m (kayak four),M,Gold
Mexico,1968,Canoe / Kayak,Canoe / Kayak F,"BERGER, Tore",NOR,Men,K-4 1000m (kayak four),M,Gold
Mexico,1968,Canoe / Kayak,Canoe / Kayak F,"JOHANSEN, Jan",NOR,Men,K-4 1000m (kayak four),M,Gold
Mexico,1968,Canoe / Kayak,Canoe / Kayak F,"SÖBY, Egil Wike",NOR,Men,K-4 1000m (kayak four),M,Gold
Mexico,1968,Canoe / Kayak,Canoe / Kayak F,"CALENIC, Anton",ROU,Men,K-4 1000m (kayak four),M,Silver
Mexico,1968,Canoe / Kayak,Canoe / Kayak F,"IVANOV, Dimitrie",ROU,Men,K-4 1000m (kayak four),M,Silver
Mexico,1968,Canoe / Kayak,Canoe / Kayak F,"IVANOV, Haralambie",ROU,Men,K-4 1000m (kayak four),M,Silver
Mexico,1968,Canoe / Kayak,Canoe / Kayak F,"TURCAS, Mihai",ROU,Men,K-4 1000m (kayak four),M,Silver
Mexico,1968,Cycling,Cycling Road,"PETTERSSON, Gösta A.B.",SWE,Men,individual road race,M,Bronze
Mexico,1968,Cycling,Cycling Road,"VIANELLI, Pierfranco",ITA,Men,individual road race,M,Gold
Mexico,1968,Cycling,Cycling Road,"MORTENSEN, Leif",DEN,Men,individual road race,M,Silver
Mexico,1968,Cycling,Cycling Road,"BRAMUCCI, Giovanni",ITA,Men,team time trial,M,Bronze
Mexico,1968,Cycling,Cycling Road,"MARCELLI, Vittorio",ITA,Men,team time trial,M,Bronze
Mexico,1968,Cycling,Cycling Road,"SIMONETTI, Mauro",ITA,Men,team time trial,M,Bronze
Mexico,1968,Cycling,Cycling Road,"VIANELLI, Pierfranco",ITA,Men,team time trial,M,Bronze
Mexico,1968,Cycling,Cycling Road,"DEN HERTOG, Fedor",NED,Men,team time trial,M,Gold
Mexico,1968,Cycling,Cycling Road,"KREKELS, Jan Jozef Alfons",NED,Men,team time trial,M,Gold
Mexico,1968,Cycling,Cycling Road,"PIJNEN, Rene Marinus",NED,Men,team time trial,M,Gold
Mexico,1968,Cycling,Cycling Road,"ZOETEMELK, Hendrik G. Jozef",NED,Men,team time trial,M,Gold
Mexico,1968,Cycling,Cycling Road,"FÄGLUM-PETTERSSON, Erik",SWE,Men,team time trial,M,Silver
Mexico,1968,Cycling,Cycling Road,"FÄGLUM-PETTERSSON, Sture",SWE,Men,team time trial,M,Silver
Mexico,1968,Cycling,Cycling Road,"FÄGLUM-PETTERSSON, Tomas",SWE,Men,team time trial,M,Silver
Mexico,1968,Cycling,Cycling Road,"PETTERSSON, Gösta A.B.",SWE,Men,team time trial,M,Silver
Mexico,1968,Cycling,Cycling Track,"KIERZKOWSKI, Janusz",POL,Men,1km time trial,M,Bronze
Mexico,1968,Cycling,Cycling Track,"TRENTIN, Pierre",FRA,Men,1km time trial,M,Gold
Mexico,1968,Cycling,Cycling Track,"FREDBORG, Niels Christian",DEN,Men,1km time trial,M,Silver
Mexico,1968,Cycling,Cycling Track,"GOENS, Daniel",BEL,Men,2000m tandem,M,Bronze
Mexico,1968,Cycling,Cycling Track,"VAN LANCKER, Robert",BEL,Men,2000m tandem,M,Bronze
Mexico,1968,Cycling,Cycling Track,"MORELON, Daniel",FRA,Men,2000m tandem,M,Gold
Mexico,1968,Cycling,Cycling Track,"TRENTIN, Pierre",FRA,Men,2000m tandem,M,Gold
Mexico,1968,Cycling,Cycling Track,"JANSEN, Johannes Hendrikus",NED,Men,2000m tandem,M,Silver
Mexico,1968,Cycling,Cycling Track,"LOEVESIJN, Leijn",NED,Men,2000m tandem,M,Silver
Mexico,1968,Cycling,Cycling Track,"KURMANN, Xaver",SUI,Men,Individual Pursuit,M,Bronze
Mexico,1968,Cycling,Cycling Track,"REBILLARD, Daniel",FRA,Men,Individual Pursuit,M,Gold
Mexico,1968,Cycling,Cycling Track,"JENSEN, Mogens Frey",DEN,Men,Individual Pursuit,M,Silver
Mexico,1968,Cycling,Cycling Track,"TRENTIN, Pierre",FRA,Men,Sprint indivual,M,Bronze
Mexico,1968,Cycling,Cycling Track,"MORELON, Daniel",FRA,Men,Sprint indivual,M,Gold
Mexico,1968,Cycling,Cycling Track,"TURRINI, Giordano",ITA,Men,Sprint indivual,M,Silver
Mexico,1968,Cycling,Cycling Track,"BOSISIO, Lorenzo",ITA,Men,Team Pursuit (4000m),M,Bronze
Mexico,1968,Cycling,Cycling Track,"CHEMELLO, Cipriano",ITA,Men,Team Pursuit (4000m),M,Bronze
Mexico,1968,Cycling,Cycling Track,"MORBIATO, Giorgio",ITA,Men,Team Pursuit (4000m),M,Bronze
Mexico,1968,Cycling,Cycling Track,"RONCAGLIA, Luigi",ITA,Men,Team Pursuit (4000m),M,Bronze
Mexico,1968,Cycling,Cycling Track,"ASMUSSEN, Gunnar Henry",DEN,Men,Team Pursuit (4000m),M,Gold
Mexico,1968,Cycling,Cycling Track,"JENSEN, Mogens Frey",DEN,Men,Team Pursuit (4000m),M,Gold
Mexico,1968,Cycling,Cycling Track,"JÖRGENSEN, Per Pedersen Lyngemark",DEN,Men,Team Pursuit (4000m),M,Gold
Mexico,1968,Cycling,Cycling Track,"OLSEN, Reno Bent",DEN,Men,Team Pursuit (4000m),M,Gold
Mexico,1968,Cycling,Cycling Track,"HEMPEL, Udo",FRG,Men,Team Pursuit (4000m),M,Silver
Mexico,1968,Cycling,Cycling Track,"HENRICHS, Karlheinz",FRG,Men,Team Pursuit (4000m),M,Silver
Mexico,1968,Cycling,Cycling Track,"KISSNER, Jürgen",FRG,Men,Team Pursuit (4000m),M,Silver
Mexico,1968,Cycling,Cycling Track,"LINK, Karl",FRG,Men,Team Pursuit (4000m),M,Silver
Mexico,1968,Equestrian,Dressage,"KLIMKE, Reiner",FRG,Men,individual,X,Bronze
Mexico,1968,Equestrian,Dressage,"KIZIMOV, Ivan",URS,Men,individual,X,Gold
Mexico,1968,Equestrian,Dressage,"NECKERMANN, Josef",FRG,Men,individual,X,Silver
Mexico,1968,Equestrian,Dressage,"CHAMMARTIN, Henri",SUI,Men,team,X,Bronze
Mexico,1968,Equestrian,Dressage,"FISCHER, Gustav",SUI,Men,team,X,Bronze
Mexico,1968,Equestrian,Dressage,"KLIMKE, Reiner",FRG,Men,team,X,Gold
Mexico,1968,Equestrian,Dressage,"NECKERMANN, Josef",FRG,Men,team,X,Gold
Mexico,1968,Equestrian,Dressage,"KALITA, Ivan",URS,Men,team,X,Silver
Mexico,1968,Equestrian,Dressage,"KIZIMOV, Ivan",URS,Men,team,X,Silver
Mexico,1968,Equestrian,Dressage,"GOSSWEILER, Marianne",SUI,Women,team,X,Bronze
Mexico,1968,Equestrian,Dressage,"LINSENHOFF, Liselott",FRG,Women,team,X,Gold
Mexico,1968,Equestrian,Dressage,"PETUSHKOVA, Elena",URS,Women,team,X,Silver
Mexico,1968,Equestrian,Eventing,"PAGE, Michael Owen",USA,Men,individual,X,Bronze
Mexico,1968,Equestrian,Eventing,"GUYON, Jean Jacques",FRA,Men,individual,X,Gold
Mexico,1968,Equestrian,Eventing,"ALLHUSEN, Derek Swithin",GBR,Men,individual,X,Silver
Mexico,1968,Equestrian,Eventing,"COBCROFT, Brian W.B.",AUS,Men,team,X,Bronze
Mexico,1968,Equestrian,Eventing,"ROYCROFT, Wayne",AUS,Men,team,X,Bronze
Mexico,1968,Equestrian,Eventing,"ROYCROFT, William",AUS,Men,team,X,Bronze
Mexico,1968,Equestrian,Eventing,"ALLHUSEN, Derek Swithin",GBR,Men,team,X,Gold
Mexico,1968,Equestrian,Eventing,"JONES, Reuben Samuel",GBR,Men,team,X,Gold
Mexico,1968,Equestrian,Eventing,"MEADE, Richard John Hanray",GBR,Men,team,X,Gold
Mexico,1968,Equestrian,Eventing,"PAGE, Michael Owen",USA,Men,team,X,Silver
Mexico,1968,Equestrian,Eventing,"PLUMB, John Michael",USA,Men,team,X,Silver
Mexico,1968,Equestrian,Eventing,"WOFFORD, James Cunningham",USA,Men,team,X,Silver
Mexico,1968,Equestrian,Jumping,"BROOME, David Mcpherson",GBR,Men,individual,X,Bronze
Mexico,1968,Equestrian,Jumping,"STEINKRAUS, William Clark",USA,Men,individual,X,Gold
Mexico,1968,Equestrian,Jumping,"COAKES, Marion Janice",GBR,Women,individual,X,Silver
Mexico,1968,Equestrian,Jumping,"SCHOCKEMÖHLE, Alwin",FRG,Men,team,X,Bronze
Mexico,1968,Equestrian,Jumping,"SCHRIDDE, Hermann",FRG,Men,team,X,Bronze
Mexico,1968,Equestrian,Jumping,"WINKLER, Hans Günter",FRG,Men,team,X,Bronze
Mexico,1968,Equestrian,Jumping,"DAY, James E.",CAN,Men,team,X,Gold
Mexico,1968,Equestrian,Jumping,"ELDER, Henry James",CAN,Men,team,X,Gold
Mexico,1968,Equestrian,Jumping,"GAYFORD, Thomas Franklin",CAN,Men,team,X,Gold
Mexico,1968,Equestrian,Jumping,"JONQUERES D'ORIOLA, Pierre",FRA,Men,team,X,Silver
Mexico,1968,Equestrian,Jumping,"ROZIER, Jean Marcel",FRA,Men,team,X,Silver
Mexico,1968,Equestrian,Jumping,"LEFEVRE, Janou",FRA,Women,team,X,Silver
Mexico,1968,Fencing,Fencing,"SACCARO, Gianluigi",ITA,Men,épée individual,M,Bronze
Mexico,1968,Fencing,Fencing,"KULCSAR, Gyözö",HUN,Men,épée individual,M,Gold
Mexico,1968,Fencing,Fencing,"KRISS, Grigori",URS,Men,épée individual,M,Silver
Mexico,1968,Fencing,Fencing,"ANDRZEJEWSKI, Bogdan",POL,Men,épée team,M,Bronze
Mexico,1968,Fencing,Fencing,"BARBURSKI, Kazimierz",POL,Men,épée team,M,Bronze
Mexico,1968,Fencing,Fencing,"BUTKIEWICZ, Michal",POL,Men,épée team,M,Bronze
Mexico,1968,Fencing,Fencing,"GONSIOR, Bogdan",POL,Men,épée team,M,Bronze
Mexico,1968,Fencing,Fencing,"NIELABA, Henryk",POL,Men,épée team,M,Bronze
Mexico,1968,Fencing,Fencing,"FENYVESI, Csaba",HUN,Men,épée team,M,Gold
Mexico,1968,Fencing,Fencing,"KULCSAR, Gyözö",HUN,Men,épée team,M,Gold
Mexico,1968,Fencing,Fencing,"NAGY, Pal",HUN,Men,épée team,M,Gold
Mexico,1968,Fencing,Fencing,"NEMERE, Zoltan",HUN,Men,épée team,M,Gold
Mexico,1968,Fencing,Fencing,"SCHMITT, Pal",HUN,Men,épée team,M,Gold
Mexico,1968,Fencing,Fencing,"KRISS, Grigori",URS,Men,épée team,M,Silver
Mexico,1968,Fencing,Fencing,"MODZALEVSKY, Viktor",URS,Men,épée team,M,Silver
Mexico,1968,Fencing,Fencing,"NIKANCHIKOV, Aleksei",URS,Men,épée team,M,Silver
Mexico,1968,Fencing,Fencing,"SMOLYAKOV, Yuri",URS,Men,épée team,M,Silver
Mexico,1968,Fencing,Fencing,"VITEBSKY, Iosif",URS,Men,épée team,M,Silver
Mexico,1968,Fencing,Fencing,"REVENU, Daniel",FRA,Men,foil individual,M,Bronze
Mexico,1968,Fencing,Fencing,"DRIMBA, Ion",ROU,Men,foil individual,M,Gold
Mexico,1968,Fencing,Fencing,"KAMUTI, Jenö",HUN,Men,foil individual,M,Silver
Mexico,1968,Fencing,Fencing,"REJTO-UJLAKI, Ildiko",HUN,Women,foil individual,W,Bronze
Mexico,1968,Fencing,Fencing,"NOVIKOVA-BELOVA, Elena",URS,Women,foil individual,W,Gold
Mexico,1968,Fencing,Fencing,"DEL PILAR ROLDAN TAPIA, Maria",MEX,Women,foil individual,W,Silver
Mexico,1968,Fencing,Fencing,"FRANKE, Egon",POL,Men,foil team,M,Bronze
Mexico,1968,Fencing,Fencing,"LISEWSKI, Adam",POL,Men,foil team,M,Bronze
Mexico,1968,Fencing,Fencing,"PARULSKI, Ryszard Wladyslaw",POL,Men,foil team,M,Bronze
Mexico,1968,Fencing,Fencing,"SKRUDLIK, Zbigniew",POL,Men,foil team,M,Bronze
Mexico,1968,Fencing,Fencing,"WOYDA, Witold",POL,Men,foil team,M,Bronze
Mexico,1968,Fencing,Fencing,"BEROLATTI, Gilles",FRA,Men,foil team,M,Gold
Mexico,1968,Fencing,Fencing,"DIMONT, Jacques",FRA,Men,foil team,M,Gold
Mexico,1968,Fencing,Fencing,"MAGNAN, Jean-Claude",FRA,Men,foil team,M,Gold
Mexico,1968,Fencing,Fencing,"NOËL, Christian",FRA,Men,foil team,M,Gold
Mexico,1968,Fencing,Fencing,"REVENU, Daniel",FRA,Men,foil team,M,Gold
Mexico,1968,Fencing,Fencing,"PUTYATIN, Viktor",URS,Men,foil team,M,Silver
Mexico,1968,Fencing,Fencing,"SHAROV, Yuri",URS,Men,foil team,M,Silver
Mexico,1968,Fencing,Fencing,"SISIKIN, Yuri",URS,Men,foil team,M,Silver
Mexico,1968,Fencing,Fencing,"STANKOVICH, Vasili",URS,Men,foil team,M,Silver
Mexico,1968,Fencing,Fencing,"SVESHNIKOV, German",URS,Men,foil team,M,Silver
Mexico,1968,Fencing,Fencing,"DERSIDAN-ENE-PASCU, Ana",ROU,Women,foil team,W,Bronze
Mexico,1968,Fencing,Fencing,"GYULAI-DRIMBA-JENEI, Ileana",ROU,Women,foil team,W,Bronze
Mexico,1968,Fencing,Fencing,"IENCIC-STAHL, Ecaterina Clara",ROU,Women,foil team,W,Bronze
Mexico,1968,Fencing,Fencing,"ORBAN-SZABO, Olga",ROU,Women,foil team,W,Bronze
Mexico,1968,Fencing,Fencing,"VICOL, Maria",ROU,Women,foil team,W,Bronze
Mexico,1968,Fencing,Fencing,"CHIRKOVA, Svetlana",URS,Women,foil team,W,Gold
Mexico,1968,Fencing,Fencing,"GOROKHOVA, Galina",URS,Women,foil team,W,Gold
Mexico,1968,Fencing,Fencing,"NOVIKOVA-BELOVA, Elena",URS,Women,foil team,W,Gold
Mexico,1968,Fencing,Fencing,"PETRENKO-SAMUSENKO, Tatyana",URS,Women,foil team,W,Gold
Mexico,1968,Fencing,Fencing,"ZABELINA, Aleksandra",URS,Women,foil team,W,Gold
Mexico,1968,Fencing,Fencing,"BOBIS-FERKASINSZKY, Ildiko",HUN,Women,foil team,W,Silver
Mexico,1968,Fencing,Fencing,"DÖMÖLKI-SAKOVICS, Lidia",HUN,Women,foil team,W,Silver
Mexico,1968,Fencing,Fencing,"JARMY, Maria",HUN,Women,foil team,W,Silver
Mexico,1968,Fencing,Fencing,"MAROSI-FOLDESI, Paula",HUN,Women,foil team,W,Silver
Mexico,1968,Fencing,Fencing,"REJTO-UJLAKI, Ildiko",HUN,Women,foil team,W,Silver
Mexico,1968,Fencing,Fencing,"PEZSA, Tibor",HUN,Men,sabre individual,M,Bronze
Mexico,1968,Fencing,Fencing,"PAWLOWSKI, Jerzy",POL,Men,sabre individual,M,Gold
Mexico,1968,Fencing,Fencing,"RAKITA, Mark",URS,Men,sabre individual,M,Silver
Mexico,1968,Fencing,Fencing,"BAKONYI, Peter",HUN,Men,sabre team,M,Bronze
Mexico,1968,Fencing,Fencing,"KALMAR, Janos",HUN,Men,sabre team,M,Bronze
Mexico,1968,Fencing,Fencing,"KOVACS, Tamas",HUN,Men,sabre team,M,Bronze
Mexico,1968,Fencing,Fencing,"MESZENA, Miklos",HUN,Men,sabre team,M,Bronze
Mexico,1968,Fencing,Fencing,"PEZSA, Tibor",HUN,Men,sabre team,M,Bronze
Mexico,1968,Fencing,Fencing,"MAVLIKHANOV, Umar",URS,Men,sabre team,M,Gold
Mexico,1968,Fencing,Fencing,"NAZLYMOV, Vladimir",URS,Men,sabre team,M,Gold
Mexico,1968,Fencing,Fencing,"RAKITA, Mark",URS,Men,sabre team,M,Gold
Mexico,1968,Fencing,Fencing,"SIDYAK, Viktor",URS,Men,sabre team,M,Gold
Mexico,1968,Fencing,Fencing,"VINOKUROV, Eduard",URS,Men,sabre team,M,Gold
Mexico,1968,Fencing,Fencing,"CALARESE, Wladimiro",ITA,Men,sabre team,M,Silver
Mexico,1968,Fencing,Fencing,"CHICCA, Pierluigi",ITA,Men,sabre team,M,Silver
Mexico,1968,Fencing,Fencing,"MAFFEI, Michele",ITA,Men,sabre team,M,Silver
Mexico,1968,Fencing,Fencing,"RIGOLI, Rolando",ITA,Men,sabre team,M,Silver
Mexico,1968,Fencing,Fencing,"SALVADORI, Cesare",ITA,Men,sabre team,M,Silver
Mexico,1968,Football,Football,"KAMAMOTO, Kunishige",JPN,Men,football,M,Bronze
Mexico,1968,Football,Football,"KAMATA, Mitsuo",JPN,Men,football,M,Bronze
Mexico,1968,Football,Football,"KATAYAMA, Hiroshi",JPN,Men,football,M,Bronze
Mexico,1968,Football,Football,"KUWAHARA, Yasuyuki",JPN,Men,football,M,Bronze
Mexico,1968,Football,Football,"MATSUMOTO, Ikuo",JPN,Men,football,M,Bronze
Mexico,1968,Football,Football,"MIYAMOTO, Masakatsu",JPN,Men,football,M,Bronze
Mexico,1968,Football,Football,"MIYAMOTO, Teruki",JPN,Men,football,M,Bronze
Mexico,1968,Football,Football,"MORI, Takaji",JPN,Men,football,M,Bronze
Mexico,1968,Football,Football,"OGI, Aritatsu",JPN,Men,football,M,Bronze
Mexico,1968,Football,Football,"OKANO, Shun-Ichiro",JPN,Men,football,M,Bronze
Mexico,1968,Football,Football,"SUGIYAMA, Ryuichi",JPN,Men,football,M,Bronze
Mexico,1968,Football,Football,"WATANABE, Masashi",JPN,Men,football,M,Bronze
Mexico,1968,Football,Football,"YAEGASHI, Shigeo",JPN,Men,football,M,Bronze
Mexico,1968,Football,Football,"YAMAGUCHI, Yoshitada",JPN,Men,football,M,Bronze
Mexico,1968,Football,Football,"YOKOYAMA, Kenzo",JPN,Men,football,M,Bronze
Mexico,1968,Football,Football,"YUGUCHI, Eizo",JPN,Men,football,M,Bronze
Mexico,1968,Football,Football,"BASTI, Istvan",HUN,Men,football,M,Gold
Mexico,1968,Football,Football,"DRESTYAK-DUNAI, Lajos",HUN,Men,football,M,Gold
Mexico,1968,Football,Football,"DUNAI, Antal",HUN,Men,football,M,Gold
Mexico,1968,Football,Football,"FATER, Karoly",HUN,Men,football,M,Gold
Mexico,1968,Football,Football,"FAZEKAS, Laszlo",HUN,Men,football,M,Gold
Mexico,1968,Football,Football,"JUHASZ, Istvan",HUN,Men,football,M,Gold
Mexico,1968,Football,Football,"KEGLOVICS, Laszlo",HUN,Men,football,M,Gold
Mexico,1968,Football,Football,"KOCSIS, Lajos",HUN,Men,football,M,Gold
Mexico,1968,Football,Football,"MENCZEL, Ivan",HUN,Men,football,M,Gold
Mexico,1968,Football,Football,"NAGY, Laszlo",HUN,Men,football,M,Gold
Mexico,1968,Football,Football,"NOSKO, Erno",HUN,Men,football,M,Gold
Mexico,1968,Football,Football,"NOVAK, Dezsö",HUN,Men,football,M,Gold
Mexico,1968,Football,Football,"PANCSICS, Miklos",HUN,Men,football,M,Gold
Mexico,1968,Football,Football,"SARKÖZI, Gabor",HUN,Men,football,M,Gold
Mexico,1968,Football,Football,"SZALAI, Miklos",HUN,Men,football,M,Gold
Mexico,1968,Football,Football,"SZARKA, Zoltan",HUN,Men,football,M,Gold
Mexico,1968,Football,Football,"SZUCS, Lajos",HUN,Men,football,M,Gold
Mexico,1968,Football,Football,"CHRISTAKIEV, Georghi",BUL,Men,football,M,Silver
Mexico,1968,Football,Football,"CHRISTOV, Atanas",BUL,Men,football,M,Silver
Mexico,1968,Football,Football,"CHRISTOV, Kiril",BUL,Men,football,M,Silver
Mexico,1968,Football,Football,"DIMITROV, Tzvetan",BUL,Men,football,M,Silver
Mexico,1968,Football,Football,"DIMITROV, Yantcho",BUL,Men,football,M,Silver
Mexico,1968,Football,Football,"DONEV, Asparukh",BUL,Men,football,M,Silver
Mexico,1968,Football,Football,"GAYDARSKI, Milko",BUL,Men,football,M,Silver
Mexico,1968,Football,Football,"GEORGIEV, Ivailo",BUL,Men,football,M,Silver
Mexico,1968,Football,Football,"GEROV, Atanas",BUL,Men,football,M,Silver
Mexico,1968,Football,Football,"GIONIN, Mikhail",BUL,Men,football,M,Silver
Mexico,1968,Football,Football,"IVANOV, Georghi",BUL,Men,football,M,Silver
Mexico,1968,Football,Football,"IVKOV, Kiril",BUL,Men,football,M,Silver
Mexico,1968,Football,Football,"JEKOV, Petar",BUL,Men,football,M,Silver
Mexico,1968,Football,Football,"NIKOLOV, Todor",BUL,Men,football,M,Silver
Mexico,1968,Football,Football,"VASSILEV, Georghi",BUL,Men,football,M,Silver
Mexico,1968,Football,Football,"YANTCHOVSKI, Evgeni",BUL,Men,football,M,Silver
Mexico,1968,Football,Football,"YORDANOV, Stoyan",BUL,Men,football,M,Silver
Mexico,1968,Football,Football,"ZAFIROV, Ivan",BUL,Men,football,M,Silver
Mexico,1968,Gymnastics,Artistic G.,"PETRIK, Larisa",URS,Women,balance beam,W,Bronze
Mexico,1968,Gymnastics,Artistic G.,"KUCHINSKAYA, Natalya",URS,Women,balance beam,W,Gold
Mexico,1968,Gymnastics,Artistic G.,"CASLAVSKA, Vera",TCH,Women,balance beam,W,Silver
Mexico,1968,Gymnastics,Artistic G.,"KATO, Takeshi",JPN,Men,floor exercises,M,Bronze
Mexico,1968,Gymnastics,Artistic G.,"KATO, Sawao",JPN,Men,floor exercises,M,Gold
Mexico,1968,Gymnastics,Artistic G.,"NAKAYAMA, Akinori",JPN,Men,floor exercises,M,Silver
Mexico,1968,Gymnastics,Artistic G.,"KUCHINSKAYA, Natalya",URS,Women,floor exercises,W,Bronze
Mexico,1968,Gymnastics,Artistic G.,"CASLAVSKA, Vera",TCH,Women,floor exercises,W,Gold
Mexico,1968,Gymnastics,Artistic G.,"PETRIK, Larisa",URS,Women,floor exercises,W,Gold
Mexico,1968,Gymnastics,Artistic G.,"KENMOTSU, Eizo",JPN,Men,horizontal bar,M,Bronze
Mexico,1968,Gymnastics,Artistic G.,"NAKAYAMA, Akinori",JPN,Men,horizontal bar,M,Gold
Mexico,1968,Gymnastics,Artistic G.,"VORONIN, Mikhail",URS,Men,horizontal bar,M,Gold
Mexico,1968,Gymnastics,Artistic G.,"NAKAYAMA, Akinori",JPN,Men,individual all-round,M,Bronze
Mexico,1968,Gymnastics,Artistic G.,"KATO, Sawao",JPN,Men,individual all-round,M,Gold
Mexico,1968,Gymnastics,Artistic G.,"VORONIN, Mikhail",URS,Men,individual all-round,M,Silver
Mexico,1968,Gymnastics,Artistic G.,"KUCHINSKAYA, Natalya",URS,Women,individual all-round,W,Bronze
Mexico,1968,Gymnastics,Artistic G.,"CASLAVSKA, Vera",TCH,Women,individual all-round,W,Gold
Mexico,1968,Gymnastics,Artistic G.,"VORONINA, Zinaida",URS,Women,individual all-round,W,Silver
Mexico,1968,Gymnastics,Artistic G.,"KLIMENKO, Viktor",URS,Men,parallel bars,M,Bronze
Mexico,1968,Gymnastics,Artistic G.,"NAKAYAMA, Akinori",JPN,Men,parallel bars,M,Gold
Mexico,1968,Gymnastics,Artistic G.,"VORONIN, Mikhail",URS,Men,parallel bars,M,Silver
Mexico,1968,Gymnastics,Artistic G.,"VORONIN, Mikhail",URS,Men,pommel horse,M,Bronze
Mexico,1968,Gymnastics,Artistic G.,"CERAR, Miroslav",YUG,Men,pommel horse,M,Gold
Mexico,1968,Gymnastics,Artistic G.,"LAIHO, Olli Eino",FIN,Men,pommel horse,M,Silver
Mexico,1968,Gymnastics,Artistic G.,"KATO, Sawao",JPN,Men,rings,M,Bronze
Mexico,1968,Gymnastics,Artistic G.,"NAKAYAMA, Akinori",JPN,Men,rings,M,Gold
Mexico,1968,Gymnastics,Artistic G.,"VORONIN, Mikhail",URS,Men,rings,M,Silver
Mexico,1968,Gymnastics,Artistic G.,"BEIER, Günter",GDR,Men,team competition,M,Bronze
Mexico,1968,Gymnastics,Artistic G.,"BREHME, Matthias",GDR,Men,team competition,M,Bronze
Mexico,1968,Gymnastics,Artistic G.,"DIETRICH, Gerhard",GDR,Men,team competition,M,Bronze
Mexico,1968,Gymnastics,Artistic G.,"FÜLLE, Siegfried",GDR,Men,team competition,M,Bronze
Mexico,1968,Gymnastics,Artistic G.,"KÖSTE, Klaus",GDR,Men,team competition,M,Bronze
Mexico,1968,Gymnastics,Artistic G.,"WEBER, Peter",GDR,Men,team competition,M,Bronze
Mexico,1968,Gymnastics,Artistic G.,"ENDO, Yukio",JPN,Men,team competition,M,Gold
Mexico,1968,Gymnastics,Artistic G.,"KATO, Sawao",JPN,Men,team competition,M,Gold
Mexico,1968,Gymnastics,Artistic G.,"KATO, Takeshi",JPN,Men,team competition,M,Gold
Mexico,1968,Gymnastics,Artistic G.,"KENMOTSU, Eizo",JPN,Men,team competition,M,Gold
Mexico,1968,Gymnastics,Artistic G.,"NAKAYAMA, Akinori",JPN,Men,team competition,M,Gold
Mexico,1968,Gymnastics,Artistic G.,"TSUKAHARA, Mitsuo",JPN,Men,team competition,M,Gold
Mexico,1968,Gymnastics,Artistic G.,"DIOMIDOV, Sergei",URS,Men,team competition,M,Silver
Mexico,1968,Gymnastics,Artistic G.,"ILYINYKH, Valeri",URS,Men,team competition,M,Silver
Mexico,1968,Gymnastics,Artistic G.,"KARASEV, Valeri",URS,Men,team competition,M,Silver
Mexico,1968,Gymnastics,Artistic G.,"KLIMENKO, Viktor",URS,Men,team competition,M,Silver
Mexico,1968,Gymnastics,Artistic G.,"LISITSKY, Viktor",URS,Men,team competition,M,Silver
Mexico,1968,Gymnastics,Artistic G.,"VORONIN, Mikhail",URS,Men,team competition,M,Silver
Mexico,1968,Gymnastics,Artistic G.,"BAUERSCHMIDT, Maritta",GDR,Women,team competition,W,Bronze
Mexico,1968,Gymnastics,Artistic G.,"JANZ, Karin",GDR,Women,team competition,W,Bronze
Mexico,1968,Gymnastics,Artistic G.,"NOACK, Marianne",GDR,Women,team competition,W,Bronze
Mexico,1968,Gymnastics,Artistic G.,"SCHMIDT, Magdalena",GDR,Women,team competition,W,Bronze
Mexico,1968,Gymnastics,Artistic G.,"STARKE, Ute",GDR,Women,team competition,W,Bronze
Mexico,1968,Gymnastics,Artistic G.,"ZUCHOLD, Erika",GDR,Women,team competition,W,Bronze
Mexico,1968,Gymnastics,Artistic G.,"BURDA, Lyubov",URS,Women,team competition,W,Gold
Mexico,1968,Gymnastics,Artistic G.,"KARASEVA, Olga",URS,Women,team competition,W,Gold
Mexico,1968,Gymnastics,Artistic G.,"KUCHINSKAYA, Natalya",URS,Women,team competition,W,Gold
Mexico,1968,Gymnastics,Artistic G.,"PETRIK, Larisa",URS,Women,team competition,W,Gold
Mexico,1968,Gymnastics,Artistic G.,"TURISCHEVA, Lyudmila",URS,Women,team competition,W,Gold
Mexico,1968,Gymnastics,Artistic G.,"VORONINA, Zinaida",URS,Women,team competition,W,Gold
Mexico,1968,Gymnastics,Artistic G.,"CASLAVSKA, Vera",TCH,Women,team competition,W,Silver
Mexico,1968,Gymnastics,Artistic G.,"KRAJCIROVA-NEMETHOVA, Mariana",TCH,Women,team competition,W,Silver
Mexico,1968,Gymnastics,Artistic G.,"LISKOVA, Hana",TCH,Women,team competition,W,Silver
Mexico,1968,Gymnastics,Artistic G.,"POSNEROVA-KUBICKOVA, Jana",TCH,Women,team competition,W,Silver
Mexico,1968,Gymnastics,Artistic G.,"RIMNACOVA, Bohmila",TCH,Women,team competition,W,Silver
Mexico,1968,Gymnastics,Artistic G.,"SKLENICKOVA, Miroslava",TCH,Women,team competition,W,Silver
Mexico,1968,Gymnastics,Artistic G.,"VORONINA, Zinaida",URS,Women,uneven bars,W,Bronze
Mexico,1968,Gymnastics,Artistic G.,"CASLAVSKA, Vera",TCH,Women,uneven bars,W,Gold
Mexico,1968,Gymnastics,Artistic G.,"JANZ, Karin",GDR,Women,uneven bars,W,Silver
Mexico,1968,Gymnastics,Artistic G.,"DIOMIDOV, Sergei",URS,Men,vault,M,Bronze
Mexico,1968,Gymnastics,Artistic G.,"VORONIN, Mikhail",URS,Men,vault,M,Gold
Mexico,1968,Gymnastics,Artistic G.,"ENDO, Yukio",JPN,Men,vault,M,Silver
Mexico,1968,Gymnastics,Artistic G.,"VORONINA, Zinaida",URS,Women,vault,W,Bronze
Mexico,1968,Gymnastics,Artistic G.,"CASLAVSKA, Vera",TCH,Women,vault,W,Gold
Mexico,1968,Gymnastics,Artistic G.,"ZUCHOLD, Erika",GDR,Women,vault,W,Silver
Mexico,1968,Hockey,Hockey,"CHRISTY, Rajendra Absolem",IND,Men,hockey,M,Bronze
Mexico,1968,Hockey,Hockey,"PERUMAL, Krishnanurthy",IND,Men,hockey,M,Bronze
Mexico,1968,Hockey,Hockey,"PETER, John Victor",IND,Men,hockey,M,Bronze
Mexico,1968,Hockey,Hockey,"REHAMAN, Inamur",IND,Men,hockey,M,Bronze
Mexico,1968,Hockey,Hockey,"SAIT, Munir",IND,Men,hockey,M,Bronze
Mexico,1968,Hockey,Hockey,"SINGH, Ajitpal",IND,Men,hockey,M,Bronze
Mexico,1968,Hockey,Hockey,"SINGH, Balbir I",IND,Men,hockey,M,Bronze
Mexico,1968,Hockey,Hockey,"SINGH, Balbir II",IND,Men,hockey,M,Bronze
Mexico,1968,Hockey,Hockey,"SINGH, Balbir III",IND,Men,hockey,M,Bronze
Mexico,1968,Hockey,Hockey,"SINGH, Gurbux",IND,Men,hockey,M,Bronze
Mexico,1968,Hockey,Hockey,"SINGH, Harbinder",IND,Men,hockey,M,Bronze
Mexico,1968,Hockey,Hockey,"SINGH, Harmik",IND,Men,hockey,M,Bronze
Mexico,1968,Hockey,Hockey,"SINGH, Inder",IND,Men,hockey,M,Bronze
Mexico,1968,Hockey,Hockey,"SINGH, Prithipal",IND,Men,hockey,M,Bronze
Mexico,1968,Hockey,Hockey,"SINGH, Tarsem",IND,Men,hockey,M,Bronze
Mexico,1968,Hockey,Hockey,"ABDUL, Rashid III",PAK,Men,hockey,M,Gold
Mexico,1968,Hockey,Hockey,"BUTT, Jahangir Ahmad",PAK,Men,hockey,M,Gold
Mexico,1968,Hockey,Hockey,"DAR, Tanwir Ahmed",PAK,Men,hockey,M,Gold
Mexico,1968,Hockey,Hockey,"GULREZ, Akhtar",PAK,Men,hockey,M,Gold
Mexico,1968,Hockey,Hockey,"KHALID, Mahmud Hussain",PAK,Men,hockey,M,Gold
Mexico,1968,Hockey,Hockey,"MALIK, Muhammad Azam",PAK,Men,hockey,M,Gold
Mexico,1968,Hockey,Hockey,"MUHAMMAD, Ashfaq",PAK,Men,hockey,M,Gold
Mexico,1968,Hockey,Hockey,"NIAZI, Tariq",PAK,Men,hockey,M,Gold
Mexico,1968,Hockey,Hockey,"RIAZ, Ahmad",PAK,Men,hockey,M,Gold
Mexico,1968,Hockey,Hockey,"RIAZ, Ud Din",PAK,Men,hockey,M,Gold
Mexico,1968,Hockey,Hockey,"SAEED, Anwar",PAK,Men,hockey,M,Gold
Mexico,1968,Hockey,Hockey,"TARIQ, Aziz",PAK,Men,hockey,M,Gold
Mexico,1968,Hockey,Hockey,"ZAKIR, Hussain",PAK,Men,hockey,M,Gold
Mexico,1968,Hockey,Hockey,"DEARING, Paul",AUS,Men,hockey,M,Silver
Mexico,1968,Hockey,Hockey,"EVANS, Raymond",AUS,Men,hockey,M,Silver
Mexico,1968,Hockey,Hockey,"GLENCROSS, Brian",AUS,Men,hockey,M,Silver
Mexico,1968,Hockey,Hockey,"HAIGH, Robert",AUS,Men,hockey,M,Silver
Mexico,1968,Hockey,Hockey,"MARTIN, Donald",AUS,Men,hockey,M,Silver
Mexico,1968,Hockey,Hockey,"MASON, James",AUS,Men,hockey,M,Silver
Mexico,1968,Hockey,Hockey,"NILAN, Patrick",AUS,Men,hockey,M,Silver
Mexico,1968,Hockey,Hockey,"PEARCE, Eric Robert",AUS,Men,hockey,M,Silver
Mexico,1968,Hockey,Hockey,"PEARCE, Gordon Charles",AUS,Men,hockey,M,Silver
Mexico,1968,Hockey,Hockey,"PEARCE, Julian",AUS,Men,hockey,M,Silver
Mexico,1968,Hockey,Hockey,"PIPER, Desmond",AUS,Men,hockey,M,Silver
Mexico,1968,Hockey,Hockey,"QUINE, Fred",AUS,Men,hockey,M,Silver
Mexico,1968,Hockey,Hockey,"RILEY, Ronald",AUS,Men,hockey,M,Silver
Mexico,1968,Hockey,Hockey,"SMART, Donald",AUS,Men,hockey,M,Silver
Mexico,1968,Modern Pentathlon,Modern Pentath.,"LEDNEV, Pavel",URS,Men,Individual competition,M,Bronze
Mexico,1968,Modern Pentathlon,Modern Pentath.,"FERM, Björn",SWE,Men,Individual competition,M,Gold
Mexico,1968,Modern Pentathlon,Modern Pentath.,"BALCZO, Andras",HUN,Men,Individual competition,M,Silver
Mexico,1968,Modern Pentathlon,Modern Pentath.,"GIUDICELLI, Jean-Pierre",FRA,Men,Team competition,M,Bronze
Mexico,1968,Modern Pentathlon,Modern Pentath.,"GUEGUEN, Raoul",FRA,Men,Team competition,M,Bronze
Mexico,1968,Modern Pentathlon,Modern Pentath.,"GUIGUET, Lucien",FRA,Men,Team competition,M,Bronze
Mexico,1968,Modern Pentathlon,Modern Pentath.,"BALCZO, Andras",HUN,Men,Team competition,M,Gold
Mexico,1968,Modern Pentathlon,Modern Pentath.,"MONA, Istvan",HUN,Men,Team competition,M,Gold
Mexico,1968,Modern Pentathlon,Modern Pentath.,"TÖRÖK, Ferenc",HUN,Men,Team competition,M,Gold
Mexico,1968,Modern Pentathlon,Modern Pentath.,"LEDNEV, Pavel",URS,Men,Team competition,M,Silver
Mexico,1968,Modern Pentathlon,Modern Pentath.,"ONISHENKO, Boris",URS,Men,Team competition,M,Silver
Mexico,1968,Modern Pentathlon,Modern Pentath.,"SHAPARNIS, Stasis",URS,Men,Team competition,M,Silver
Mexico,1968,Rowing,Rowing,"CHRISTIANSEN, Peter Fich",DEN,Men,coxless pair (2-),M,Bronze
Mexico,1968,Rowing,Rowing,"LARSEN, Ib Ivan",DEN,Men,coxless pair (2-),M,Bronze
Mexico,1968,Rowing,Rowing,"BOTHE, Heinz-Jürgen",GDR,Men,coxless pair (2-),M,Gold
Mexico,1968,Rowing,Rowing,"LUCKE, Jörg",GDR,Men,coxless pair (2-),M,Gold
Mexico,1968,Rowing,Rowing,"HOUGH, Lawrence Alan",USA,Men,coxless pair (2-),M,Silver
Mexico,1968,Rowing,Rowing,"JOHNSON, Philip Anthony",USA,Men,coxless pair (2-),M,Silver
Mexico,1968,Rowing,Rowing,"MAHER, William Patrick",USA,Men,double sculls (2x),M,Bronze
Mexico,1968,Rowing,Rowing,"NUNN, John Hamann",USA,Men,double sculls (2x),M,Bronze
Mexico,1968,Rowing,Rowing,"SASS, Anatoli",URS,Men,double sculls (2x),M,Gold
Mexico,1968,Rowing,Rowing,"TIMOSHININ, Aleksandr",URS,Men,double sculls (2x),M,Gold
Mexico,1968,Rowing,Rowing,"DROOG, Henricus Antonius",NED,Men,double sculls (2x),M,Silver
Mexico,1968,Rowing,Rowing,"VAN DIS, Leendert Frans",NED,Men,double sculls (2x),M,Silver
Mexico,1968,Rowing,Rowing,"BOGDANAVICHUS, Antanas",URS,Men,eight with coxswain (8+),M,Bronze
Mexico,1968,Rowing,Rowing,"BRIEDIS, Vitautas Julius",URS,Men,eight with coxswain (8+),M,Bronze
Mexico,1968,Rowing,Rowing,"KRAVCHUK, Valentin",URS,Men,eight with coxswain (8+),M,Bronze
Mexico,1968,Rowing,Rowing,"LORENTSON, Yuri",URS,Men,eight with coxswain (8+),M,Bronze
Mexico,1968,Rowing,Rowing,"MARTISHKIN, Aleksandr",URS,Men,eight with coxswain (8+),M,Bronze
Mexico,1968,Rowing,Rowing,"STERLIK, Vladimir",URS,Men,eight with coxswain (8+),M,Bronze
Mexico,1968,Rowing,Rowing,"SUSLIN, Viktor",URS,Men,eight with coxswain (8+),M,Bronze
Mexico,1968,Rowing,Rowing,"YAGELAVICHUS, Yozanas",URS,Men,eight with coxswain (8+),M,Bronze
Mexico,1968,Rowing,Rowing,"YUKNA, Zigmas",URS,Men,eight with coxswain (8+),M,Bronze
Mexico,1968,Rowing,Rowing,"HENNING, Rüdiger",FRG,Men,eight with coxswain (8+),M,Gold
Mexico,1968,Rowing,Rowing,"HIRSCHFELDER, Egbert",FRG,Men,eight with coxswain (8+),M,Gold
Mexico,1968,Rowing,Rowing,"HOTTENROTT, Wolfgang",FRG,Men,eight with coxswain (8+),M,Gold
Mexico,1968,Rowing,Rowing,"MEYER, Horst",FRG,Men,eight with coxswain (8+),M,Gold
Mexico,1968,Rowing,Rowing,"OTT, Nikolaus",FRG,Men,eight with coxswain (8+),M,Gold
Mexico,1968,Rowing,Rowing,"SCHREYER, Dirk",FRG,Men,eight with coxswain (8+),M,Gold
Mexico,1968,Rowing,Rowing,"SIEBERT, Jörg",FRG,Men,eight with coxswain (8+),M,Gold
Mexico,1968,Rowing,Rowing,"TIERSCH, Günther",FRG,Men,eight with coxswain (8+),M,Gold
Mexico,1968,Rowing,Rowing,"ULBRICHT, Lutz",FRG,Men,eight with coxswain (8+),M,Gold
Mexico,1968,Rowing,Rowing,"DICKSON, Peter",AUS,Men,eight with coxswain (8+),M,Silver
Mexico,1968,Rowing,Rowing,"DOUGLAS, David",AUS,Men,eight with coxswain (8+),M,Silver
Mexico,1968,Rowing,Rowing,"DUVAL, Alfred W.",AUS,Men,eight with coxswain (8+),M,Silver
Mexico,1968,Rowing,Rowing,"FAZIO, Joseph",AUS,Men,eight with coxswain (8+),M,Silver
Mexico,1968,Rowing,Rowing,"GROVER, Alan Geoffrey",AUS,Men,eight with coxswain (8+),M,Silver
Mexico,1968,Rowing,Rowing,"MORGAN, Michael Dennis",AUS,Men,eight with coxswain (8+),M,Silver
Mexico,1968,Rowing,Rowing,"PEARCE, Gary Malcolm",AUS,Men,eight with coxswain (8+),M,Silver
Mexico,1968,Rowing,Rowing,"RANCH, John",AUS,Men,eight with coxswain (8+),M,Silver
Mexico,1968,Rowing,Rowing,"SHIRLAW, Robert Alan",AUS,Men,eight with coxswain (8+),M,Silver
Mexico,1968,Rowing,Rowing,"ALBINI, Abramo",ITA,Men,four without coxswain (4-),M,Bronze
Mexico,1968,Rowing,Rowing,"BARAGLIA, Tullio",ITA,Men,four without coxswain (4-),M,Bronze
Mexico,1968,Rowing,Rowing,"BOSATTA, Renato",ITA,Men,four without coxswain (4-),M,Bronze
Mexico,1968,Rowing,Rowing,"CONTI-MANZINI, Pier Angelo",ITA,Men,four without coxswain (4-),M,Bronze
Mexico,1968,Rowing,Rowing,"FORBERGER, Frank",GDR,Men,four without coxswain (4-),M,Gold
Mexico,1968,Rowing,Rowing,"GRAHN, Dieter",GDR,Men,four without coxswain (4-),M,Gold
Mexico,1968,Rowing,Rowing,"RÜHLE, Frank",GDR,Men,four without coxswain (4-),M,Gold
Mexico,1968,Rowing,Rowing,"SCHUBERT, Dieter",GDR,Men,four without coxswain (4-),M,Gold
Mexico,1968,Rowing,Rowing,"CSERMELY, Jozsef",HUN,Men,four without coxswain (4-),M,Silver
Mexico,1968,Rowing,Rowing,"MELIOS, Zoltan",HUN,Men,four without coxswain (4-),M,Silver
Mexico,1968,Rowing,Rowing,"MELIS, Antal",HUN,Men,four without coxswain (4-),M,Silver
Mexico,1968,Rowing,Rowing,"SARLOS, György",HUN,Men,four without coxswain (4-),M,Silver
Mexico,1968,Rowing,Rowing,"BOLLIGER, Peter",SUI,Men,four-oared shell with coxswain (4-),M,Bronze
Mexico,1968,Rowing,Rowing,"FRÖHLICH, Gottlieb",SUI,Men,four-oared shell with coxswain (4-),M,Bronze
Mexico,1968,Rowing,Rowing,"GROB, Jakob",SUI,Men,four-oared shell with coxswain (4-),M,Bronze
Mexico,1968,Rowing,Rowing,"OSWALD, Denis",SUI,Men,four-oared shell with coxswain (4-),M,Bronze
Mexico,1968,Rowing,Rowing,"WASER, Hugo",SUI,Men,four-oared shell with coxswain (4-),M,Bronze
Mexico,1968,Rowing,Rowing,"COLE, Warren Joseph",NZL,Men,four-oared shell with coxswain (4-),M,Gold
Mexico,1968,Rowing,Rowing,"COLLINGE, Ross Hounsell",NZL,Men,four-oared shell with coxswain (4-),M,Gold
Mexico,1968,Rowing,Rowing,"DICKIE, Simon Charles",NZL,Men,four-oared shell with coxswain (4-),M,Gold
Mexico,1968,Rowing,Rowing,"JOYCE, Richard John",NZL,Men,four-oared shell with coxswain (4-),M,Gold
Mexico,1968,Rowing,Rowing,"STOREY, Dudley Leonard",NZL,Men,four-oared shell with coxswain (4-),M,Gold
Mexico,1968,Rowing,Rowing,"GELPKE, Manfred",GDR,Men,four-oared shell with coxswain (4-),M,Silver
Mexico,1968,Rowing,Rowing,"GÖHLER, Roland",GDR,Men,four-oared shell with coxswain (4-),M,Silver
Mexico,1968,Rowing,Rowing,"JAKOB, Klaus",GDR,Men,four-oared shell with coxswain (4-),M,Silver
Mexico,1968,Rowing,Rowing,"KREMTZ, Peter",GDR,Men,four-oared shell with coxswain (4-),M,Silver
Mexico,1968,Rowing,Rowing,"SEMETZKY, Dieter",GDR,Men,four-oared shell with coxswain (4-),M,Silver
Mexico,1968,Rowing,Rowing,"JORGENSEN, Harry",DEN,Men,pair-oared shell with coxswain (2+),M,Bronze
Mexico,1968,Rowing,Rowing,"KRAB, Jorn",DEN,Men,pair-oared shell with coxswain (2+),M,Bronze
Mexico,1968,Rowing,Rowing,"KRAB, Preben",DEN,Men,pair-oared shell with coxswain (2+),M,Bronze
Mexico,1968,Rowing,Rowing,"BARAN, Primo",ITA,Men,pair-oared shell with coxswain (2+),M,Gold
Mexico,1968,Rowing,Rowing,"CIPOLLA, Bruno",ITA,Men,pair-oared shell with coxswain (2+),M,Gold
Mexico,1968,Rowing,Rowing,"SAMBO, Renzo",ITA,Men,pair-oared shell with coxswain (2+),M,Gold
Mexico,1968,Rowing,Rowing,"RIJNDERS, Roderick Falesca Rene",NED,Men,pair-oared shell with coxswain (2+),M,Silver
Mexico,1968,Rowing,Rowing,"SUSELBEEK, Herman Johan",NED,Men,pair-oared shell with coxswain (2+),M,Silver
Mexico,1968,Rowing,Rowing,"VAN NES, Hadriaan",NED,Men,pair-oared shell with coxswain (2+),M,Silver
Mexico,1968,Rowing,Rowing,"DEMIDDI, Alberto",ARG,Men,single sculls (1x),M,Bronze
Mexico,1968,Rowing,Rowing,"WIENESE, Henri-Jan",NED,Men,single sculls (1x),M,Gold
Mexico,1968,Rowing,Rowing,"MEISSNER, Jochen",FRG,Men,single sculls (1x),M,Silver
Mexico,1968,Sailing,Sailing,"AISHER, Robin Allingham",GBR,Men,5.5m,X,Bronze
Mexico,1968,Sailing,Sailing,"ANDERSON, Paul Richard",GBR,Men,5.5m,X,Bronze
Mexico,1968,Sailing,Sailing,"JARDINE, Adrian",GBR,Men,5.5m,X,Bronze
Mexico,1968,Sailing,Sailing,"SUNDELIN, Jörgen",SWE,Men,5.5m,X,Gold
Mexico,1968,Sailing,Sailing,"SUNDELIN, Peter",SWE,Men,5.5m,X,Gold
Mexico,1968,Sailing,Sailing,"SUNDELIN, Ulf",SWE,Men,5.5m,X,Gold
Mexico,1968,Sailing,Sailing,"DUNAND, Bernard",SUI,Men,5.5m,X,Silver
Mexico,1968,Sailing,Sailing,"NOVERRAZ, Louis",SUI,Men,5.5m,X,Silver
Mexico,1968,Sailing,Sailing,"STERN, Marcel",SUI,Men,5.5m,X,Silver
Mexico,1968,Sailing,Sailing,"BOROWSKI, Paul",GDR,Men,dragon,X,Bronze
Mexico,1968,Sailing,Sailing,"THUN, Karl-Heinz",GDR,Men,dragon,X,Bronze
Mexico,1968,Sailing,Sailing,"WEICHERT, Konrad",GDR,Men,dragon,X,Bronze
Mexico,1968,Sailing,Sailing,"FRIEDRICHS, George Shelby Jr.",USA,Men,dragon,X,Gold
Mexico,1968,Sailing,Sailing,"JAHNCKE, Barton Williams",USA,Men,dragon,X,Gold
Mexico,1968,Sailing,Sailing,"SCHRECK, Gerald Click",USA,Men,dragon,X,Gold
Mexico,1968,Sailing,Sailing,"BIRCH, Aage",DEN,Men,dragon,X,Silver
Mexico,1968,Sailing,Sailing,"JENSEN, Poul Richard Hoj",DEN,Men,dragon,X,Silver
Mexico,1968,Sailing,Sailing,"MARKUSSEN, Niels Peter",DEN,Men,dragon,X,Silver
Mexico,1968,Sailing,Sailing,"CONRAD, Reinaldo",BRA,Men,flying dutchman,X,Bronze
Mexico,1968,Sailing,Sailing,"CORDES, Burkhard",BRA,Men,flying dutchman,X,Bronze
Mexico,1968,Sailing,Sailing,"MACDONALD-SMITH, Iain Somerled",GBR,Men,flying dutchman,X,Gold
Mexico,1968,Sailing,Sailing,"PATTISSON, Rodney Stuart",GBR,Men,flying dutchman,X,Gold
Mexico,1968,Sailing,Sailing,"LIBOR, Ullrich",FRG,Men,flying dutchman,X,Silver
Mexico,1968,Sailing,Sailing,"NAUMANN, Peter",FRG,Men,flying dutchman,X,Silver
Mexico,1968,Sailing,Sailing,"ALBARELLI, Fabio",ITA,Men,single-handed dinghy (Finn),M,Bronze
Mexico,1968,Sailing,Sailing,"MANKIN, Valentyn",URS,Men,single-handed dinghy (Finn),M,Gold
Mexico,1968,Sailing,Sailing,"RAUDASCHL, Hubert",AUT,Men,single-handed dinghy (Finn),M,Silver
Mexico,1968,Sailing,Sailing,"CAVALLO, Franco",ITA,Men,two-person keelboat open (Star),X,Bronze
Mexico,1968,Sailing,Sailing,"GARGANO, Camillo",ITA,Men,two-person keelboat open (Star),X,Bronze
Mexico,1968,Sailing,Sailing,"BARRETT, Peter Jones",USA,Men,two-person keelboat open (Star),X,Gold
Mexico,1968,Sailing,Sailing,"NORTH, Lowell Orton",USA,Men,two-person keelboat open (Star),X,Gold
Mexico,1968,Sailing,Sailing,"LUNDE, Peder Jr.",NOR,Men,two-person keelboat open (Star),X,Silver
Mexico,1968,Sailing,Sailing,"WIKEN, Per Olav",NOR,Men,two-person keelboat open (Star),X,Silver
Mexico,1968,Shooting,Shooting,"SULEIMANOV, Renart",URS,Men,25m rapid fire pistol (60 shots),M,Bronze
Mexico,1968,Shooting,Shooting,"ZAPEDZKI, Jozef",POL,Men,25m rapid fire pistol (60 shots),M,Gold
Mexico,1968,Shooting,Shooting,"ROSCA, Marcel",ROU,Men,25m rapid fire pistol (60 shots),M,Silver
Mexico,1968,Shooting,Shooting,"MÜLLER, Kurt",SUI,Men,300m free rifle 3 positions (3x40 shots),M,Bronze
Mexico,1968,Shooting,Shooting,"ANDERSON, Gary Lee",USA,Men,300m free rifle 3 positions (3x40 shots),M,Gold
Mexico,1968,Shooting,Shooting,"KORNEV, Valentin",URS,Men,300m free rifle 3 positions (3x40 shots),M,Silver
Mexico,1968,Shooting,Shooting,"VOLLMAR, Harald",GDR,Men,50m pistol (60 shots),M,Bronze
Mexico,1968,Shooting,Shooting,"KOSYKH, Grigori",URS,Men,50m pistol (60 shots),M,Gold
Mexico,1968,Shooting,Shooting,"MERTEL, Heinz",FRG,Men,50m pistol (60 shots),M,Silver
Mexico,1968,Shooting,Shooting,"PARKHIMOVICH, Vitali",URS,Men,50m rifle 3 positions (3x40 shots),M,Bronze
Mexico,1968,Shooting,Shooting,"KLINGNER, Bernd",FRG,Men,50m rifle 3 positions (3x40 shots),M,Gold
Mexico,1968,Shooting,Shooting,"WRITER, John Henry",USA,Men,50m rifle 3 positions (3x40 shots),M,Silver
Mexico,1968,Shooting,Shooting,"BALLINGER, Ian Roy",NZL,Men,50m rifle prone (60 shots),M,Bronze
Mexico,1968,Shooting,Shooting,"KURKA, Jan",TCH,Men,50m rifle prone (60 shots),M,Gold
Mexico,1968,Shooting,Shooting,"HAMMERL, Laszlo",HUN,Men,50m rifle prone (60 shots),M,Silver
Mexico,1968,Shooting,Shooting,"WIRNHIER, Konrad",FRG,Men,skeet (125 targets),M,Bronze
Mexico,1968,Shooting,Shooting,"PETROV, Yevgeni",URS,Men,skeet (125 targets),M,Gold
Mexico,1968,Shooting,Shooting,"GARAGNANI, Romano",ITA,Men,skeet (125 targets),M,Silver
Mexico,1968,Shooting,Shooting,"CZEKALLA, Kurt",GDR,Men,trap (125 targets),M,Bronze
Mexico,1968,Shooting,Shooting,"BRAITHWAITE, John Robert",GBR,Men,trap (125 targets),M,Gold
Mexico,1968,Shooting,Shooting,"GARRIGUS, Thomas Irvin",USA,Men,trap (125 targets),M,Silver
Mexico,1968,Volleyball,Volleyball,"GOLIAN, Bohumil",TCH,Men,volleyball,M,Bronze
Mexico,1968,Volleyball,Volleyball,"GROESSEL, Zdenek",TCH,Men,volleyball,M,Bronze
Mexico,1968,Volleyball,Volleyball,"KOP, Petr",TCH,Men,volleyball,M,Bronze
Mexico,1968,Volleyball,Volleyball,"KOUDELKA, Drahomir",TCH,Men,volleyball,M,Bronze
Mexico,1968,Volleyball,Volleyball,"MUSIL, Josef",TCH,Men,volleyball,M,Bronze
Mexico,1968,Volleyball,Volleyball,"PETLAK, Vladimir",TCH,Men,volleyball,M,Bronze
Mexico,1968,Volleyball,Volleyball,"PROCHAZKA, Antonin",TCH,Men,volleyball,M,Bronze
Mexico,1968,Volleyball,Volleyball,"SCHENK, Pavel",TCH,Men,volleyball,M,Bronze
Mexico,1968,Volleyball,Volleyball,"SMOLKA, Josef",TCH,Men,volleyball,M,Bronze
Mexico,1968,Volleyball,Volleyball,"SOKOL, Frantisek",TCH,Men,volleyball,M,Bronze
Mexico,1968,Volleyball,Volleyball,"SVOBODA, Jiri",TCH,Men,volleyball,M,Bronze
Mexico,1968,Volleyball,Volleyball,"ZAJISEK, Lubomir",TCH,Men,volleyball,M,Bronze
Mexico,1968,Volleyball,Volleyball,"ANTROPOV, Oleg",URS,Men,volleyball,M,Gold
Mexico,1968,Volleyball,Volleyball,"BELYAEV, Vladimir",URS,Men,volleyball,M,Gold
Mexico,1968,Volleyball,Volleyball,"BUGAENKOV, Ivan",URS,Men,volleyball,M,Gold
Mexico,1968,Volleyball,Volleyball,"IVANOV, Vladimir",URS,Men,volleyball,M,Gold
Mexico,1968,Volleyball,Volleyball,"KRAVCHENKO, Valeri",URS,Men,volleyball,M,Gold
Mexico,1968,Volleyball,Volleyball,"LAPINSKY, Yevgeni",URS,Men,volleyball,M,Gold
Mexico,1968,Volleyball,Volleyball,"MATUSHEVAS, Vasilius",URS,Men,volleyball,M,Gold
Mexico,1968,Volleyball,Volleyball,"MIKHALCHUK, Viktor",URS,Men,volleyball,M,Gold
Mexico,1968,Volleyball,Volleyball,"MONDZOLEVSKY, Georgi",URS,Men,volleyball,M,Gold
Mexico,1968,Volleyball,Volleyball,"POYARKOV, Yuri",URS,Men,volleyball,M,Gold
Mexico,1968,Volleyball,Volleyball,"SIBIRYAKOV, Eduard",URS,Men,volleyball,M,Gold
Mexico,1968,Volleyball,Volleyball,"TERESHCHUK, Boris",URS,Men,volleyball,M,Gold
Mexico,1968,Volleyball,Volleyball,"IKEDA, Nachiro",JPN,Men,volleyball,M,Silver
Mexico,1968,Volleyball,Volleyball,"KIMURA, Kenji",JPN,Men,volleyball,M,Silver
Mexico,1968,Volleyball,Volleyball,"KOIZUMI, Isao",JPN,Men,volleyball,M,Silver
Mexico,1968,Volleyball,Volleyball,"MINAMI, Masayuki",JPN,Men,volleyball,M,Silver
Mexico,1968,Volleyball,Volleyball,"MITSUMORI, Yasuaki",JPN,Men,volleyball,M,Silver
Mexico,1968,Volleyball,Volleyball,"MORITA, Jungo",JPN,Men,volleyball,M,Silver
Mexico,1968,Volleyball,Volleyball,"NEKODA, Katsutoshi",JPN,Men,volleyball,M,Silver
Mexico,1968,Volleyball,Volleyball,"OKO, Seiji",JPN,Men,volleyball,M,Silver
Mexico,1968,Volleyball,Volleyball,"SATO, Tetsuo",JPN,Men,volleyball,M,Silver
Mexico,1968,Volleyball,Volleyball,"SHIMAOKA, Kenji",JPN,Men,volleyball,M,Silver
Mexico,1968,Volleyball,Volleyball,"SHIRAGAMI, Mamoru",JPN,Men,volleyball,M,Silver
Mexico,1968,Volleyball,Volleyball,"YOKOTA, Tadayoshi",JPN,Men,volleyball,M,Silver
Mexico,1968,Volleyball,Volleyball,"ASKIELOWICZ, Halina",POL,Women,volleyball,W,Bronze
Mexico,1968,Volleyball,Volleyball,"CHMIELNICKA, Lidia",POL,Women,volleyball,W,Bronze
Mexico,1968,Volleyball,Volleyball,"CZAJKOWSKA, Krystyna",POL,Women,volleyball,W,Bronze
Mexico,1968,Volleyball,Volleyball,"HERMELA-NIEMCZYK, Barbara Wieslawa",POL,Women,volleyball,W,Bronze
Mexico,1968,Volleyball,Volleyball,"JAKUBOWSKA, Krystyna",POL,Women,volleyball,W,Bronze
Mexico,1968,Volleyball,Volleyball,"KRUP, Krystyna",POL,Women,volleyball,W,Bronze
Mexico,1968,Volleyball,Volleyball,"LEDWIG, Jozefa",POL,Women,volleyball,W,Bronze
Mexico,1968,Volleyball,Volleyball,"MARKO-KSIAZEK, Jadwiga",POL,Women,volleyball,W,Bronze
Mexico,1968,Volleyball,Volleyball,"OSTROMECKA, Krystyna",POL,Women,volleyball,W,Bronze
Mexico,1968,Volleyball,Volleyball,"PORZEC, Elzbieta",POL,Women,volleyball,W,Bronze
Mexico,1968,Volleyball,Volleyball,"SZCZESNIEWSKA, Zofia",POL,Women,volleyball,W,Bronze
Mexico,1968,Volleyball,Volleyball,"WIECHA, Wanda",POL,Women,volleyball,W,Bronze
Mexico,1968,Volleyball,Volleyball,"BULDAKOVA, Lyudmila",URS,Women,volleyball,W,Gold
Mexico,1968,Volleyball,Volleyball,"GALUSHKA-DUYUNOVA, Vera",URS,Women,volleyball,W,Gold
Mexico,1968,Volleyball,Volleyball,"KAMENEK-VINOGRADOVA, Valentina",URS,Women,volleyball,W,Gold
Mexico,1968,Volleyball,Volleyball,"LANTRATOVA, Vera",URS,Women,volleyball,W,Gold
Mexico,1968,Volleyball,Volleyball,"LEONTYEVA, Galina",URS,Women,volleyball,W,Gold
Mexico,1968,Volleyball,Volleyball,"MIKHAILOVSKAYA, Lyudmila",URS,Women,volleyball,W,Gold
Mexico,1968,Volleyball,Volleyball,"PONYAEVA-TRETYAKOVA, Tatyana",URS,Women,volleyball,W,Gold
Mexico,1968,Volleyball,Volleyball,"RYSKAL, Inna",URS,Women,volleyball,W,Gold
Mexico,1968,Volleyball,Volleyball,"SALIKHOVA, Roza",URS,Women,volleyball,W,Gold
Mexico,1968,Volleyball,Volleyball,"SARYCHEVA, Tatyana",URS,Women,volleyball,W,Gold
Mexico,1968,Volleyball,Volleyball,"SMOLEEVA, Nina",URS,Women,volleyball,W,Gold
Mexico,1968,Volleyball,Volleyball,"VEINBERGA, Tatyana",URS,Women,volleyball,W,Gold
Mexico,1968,Volleyball,Volleyball,"FUKUNAKA, Sachiko",JPN,Women,volleyball,W,Silver
Mexico,1968,Volleyball,Volleyball,"FURUKAWA, Makiko",JPN,Women,volleyball,W,Silver
Mexico,1968,Volleyball,Volleyball,"HAMA, Keiko",JPN,Women,volleyball,W,Silver
Mexico,1968,Volleyball,Volleyball,"INOUE, Setsuko",JPN,Women,volleyball,W,Silver
Mexico,1968,Volleyball,Volleyball,"IWAHARA, Toyoko",JPN,Women,volleyball,W,Silver
Mexico,1968,Volleyball,Volleyball,"KASAHARA, Youko",JPN,Women,volleyball,W,Silver
Mexico,1968,Volleyball,Volleyball,"KOJIMA, Yukiyo",JPN,Women,volleyball,W,Silver
Mexico,1968,Volleyball,Volleyball,"OINUMA, Sumie",JPN,Women,volleyball,W,Silver
Mexico,1968,Volleyball,Volleyball,"ONOZAWA, Aiko",JPN,Women,volleyball,W,Silver
Mexico,1968,Volleyball,Volleyball,"SHISHIKURA, Kunie",JPN,Women,volleyball,W,Silver
Mexico,1968,Volleyball,Volleyball,"TAKAYAMA, Suzue",JPN,Women,volleyball,W,Silver
Mexico,1968,Volleyball,Volleyball,"YOSHIDA, Setsuko",JPN,Women,volleyball,W,Silver
Mexico,1968,Weightlifting,Weightlifting,"TREBICKI, Henryk",POL,Men,"- 56kg, total (bantamweight)",M,Bronze
Mexico,1968,Weightlifting,Weightlifting,"NASSIRI-SERESHT, Mohammad",IRI,Men,"- 56kg, total (bantamweight)",M,Gold
Mexico,1968,Weightlifting,Weightlifting,"FÖLDI, Imre",HUN,Men,"- 56kg, total (bantamweight)",M,Silver
Mexico,1968,Weightlifting,Weightlifting,"DUBE, Joseph Douglas",USA,Men,"+ 90kg, total (heavyweight)",M,Bronze
Mexico,1968,Weightlifting,Weightlifting,"ZHABOTINSKY, Leonid",URS,Men,"+ 90kg, total (heavyweight)",M,Gold
Mexico,1968,Weightlifting,Weightlifting,"REDING, Serge",BEL,Men,"+ 90kg, total (heavyweight)",M,Silver
Mexico,1968,Weightlifting,Weightlifting,"MIYAKE, Yoshiyuki",JPN,Men,"56 - 60kg, total (featherweight)",M,Bronze
Mexico,1968,Weightlifting,Weightlifting,"MIYAKE, Yoshinobu",JPN,Men,"56 - 60kg, total (featherweight)",M,Gold
Mexico,1968,Weightlifting,Weightlifting,"SHANIDZE, Dito",URS,Men,"56 - 60kg, total (featherweight)",M,Silver
Mexico,1968,Weightlifting,Weightlifting,"ZIELINSKI, Marian",POL,Men,"60 - 67.5kg, total (lightweight)",M,Bronze
Mexico,1968,Weightlifting,Weightlifting,"BASZANOWSKI, Waldemar",POL,Men,"60 - 67.5kg, total (lightweight)",M,Gold
Mexico,1968,Weightlifting,Weightlifting,"JALAYER, Parviz",IRI,Men,"60 - 67.5kg, total (lightweight)",M,Silver
Mexico,1968,Weightlifting,Weightlifting,"BAKOS, Karoly",HUN,Men,"67.5 - 75kg, total (middleweight)",M,Bronze
Mexico,1968,Weightlifting,Weightlifting,"KURENTSOV, Viktor",URS,Men,"67.5 - 75kg, total (middleweight)",M,Gold
Mexico,1968,Weightlifting,Weightlifting,"OHUCHI, Masashi",JPN,Men,"67.5 - 75kg, total (middleweight)",M,Silver
Mexico,1968,Weightlifting,Weightlifting,"OZIMEK, Norbert",POL,Men,"75 - 82.5kg, total (light-heavyweight)",M,Bronze
Mexico,1968,Weightlifting,Weightlifting,"SELITSKY, Boris",URS,Men,"75 - 82.5kg, total (light-heavyweight)",M,Gold
Mexico,1968,Weightlifting,Weightlifting,"BELYAEV, Vladimir",URS,Men,"75 - 82.5kg, total (light-heavyweight)",M,Silver
Mexico,1968,Weightlifting,Weightlifting,"GOLAB, Marek",POL,Men,"82.5 - 90kg, total (middle-heavyweight)",M,Bronze
Mexico,1968,Weightlifting,Weightlifting,"KANGASNIEMI, Kaarlo Olavi",FIN,Men,"82.5 - 90kg, total (middle-heavyweight)",M,Gold
Mexico,1968,Weightlifting,Weightlifting,"TALTS, Yan",URS,Men,"82.5 - 90kg, total (middle-heavyweight)",M,Silver
Mexico,1968,Wrestling,Wrestling Free.,"SURENJAV, Sukhbaatar",MGL,Men,- 52kg (flyweight),M,Bronze
Mexico,1968,Wrestling,Wrestling Free.,"NAKATA, Shigeo",JPN,Men,- 52kg (flyweight),M,Gold
Mexico,1968,Wrestling,Wrestling Free.,"SANDERS, Richard Joseph",USA,Men,- 52kg (flyweight),M,Silver
Mexico,1968,Wrestling,Wrestling Free.,"DIETRICH, Wilfried",FRG,Men,+ 97kg (heavyweight),M,Bronze
Mexico,1968,Wrestling,Wrestling Free.,"MEDVED, Aleksandr",URS,Men,+ 97kg (heavyweight),M,Gold
Mexico,1968,Wrestling,Wrestling Free.,"DURALIEV, Osman",BUL,Men,+ 97kg (heavyweight),M,Silver
Mexico,1968,Wrestling,Wrestling Free.,"GORGORI, Abutaleb",IRI,Men,52 - 57kg (bantamweight),M,Bronze
Mexico,1968,Wrestling,Wrestling Free.,"UETAKE, Yojiro",JPN,Men,52 - 57kg (bantamweight),M,Gold
Mexico,1968,Wrestling,Wrestling Free.,"BEHM, Donald Rae",USA,Men,52 - 57kg (bantamweight),M,Silver
Mexico,1968,Wrestling,Wrestling Free.,"SEYED-ABBASSI, Shamseddin",IRI,Men,57 - 63kg (featherweight),M,Bronze
Mexico,1968,Wrestling,Wrestling Free.,"KANEKO, Masaki",JPN,Men,57 - 63kg (featherweight),M,Gold
Mexico,1968,Wrestling,Wrestling Free.,"TODOROV, Enyu Dinev",BUL,Men,57 - 63kg (featherweight),M,Silver
Mexico,1968,Wrestling,Wrestling Free.,"DANZANDARJAA, Sereeter",MGL,Men,63 - 70kg (lightweight),M,Bronze
Mexico,1968,Wrestling,Wrestling Free.,"MOVAHED-ARDABILI, Abdollah",IRI,Men,63 - 70kg (lightweight),M,Gold
Mexico,1968,Wrestling,Wrestling Free.,"VALTCHEV, Enyu Dimov",BUL,Men,63 - 70kg (lightweight),M,Silver
Mexico,1968,Wrestling,Wrestling Free.,"PUREV, Dagvasuren",MGL,Men,70 - 78kg (welterweight),M,Bronze
Mexico,1968,Wrestling,Wrestling Free.,"ATALAY, Mahmut",TUR,Men,70 - 78kg (welterweight),M,Gold
Mexico,1968,Wrestling,Wrestling Free.,"ROBIN, Daniel Sauton",FRA,Men,70 - 78kg (welterweight),M,Silver
Mexico,1968,Wrestling,Wrestling Free.,"GARDJEV, Prodan Stoyanov",BUL,Men,78 - 87kg (middleweight),M,Bronze
Mexico,1968,Wrestling,Wrestling Free.,"GUREVICH, Boris",URS,Men,78 - 87kg (middleweight),M,Gold
Mexico,1968,Wrestling,Wrestling Free.,"JIGJIDYM, Munkbat",MGL,Men,78 - 87kg (middleweight),M,Silver
Mexico,1968,Wrestling,Wrestling Free.,"CSATARI, Jozsef",HUN,Men,87 - 97kg (light-heavyweight),M,Bronze
Mexico,1968,Wrestling,Wrestling Free.,"AYIK, Ahmet",TUR,Men,87 - 97kg (light-heavyweight),M,Gold
Mexico,1968,Wrestling,Wrestling Free.,"LOMIDZE, Shota",URS,Men,87 - 97kg (light-heavyweight),M,Silver
Mexico,1968,Wrestling,Wrestling Gre-R,"ZEMAN, Miroslav",TCH,Men,- 52kg (flyweight),M,Bronze
Mexico,1968,Wrestling,Wrestling Gre-R,"KIROV, Petar",BUL,Men,- 52kg (flyweight),M,Gold
Mexico,1968,Wrestling,Wrestling Gre-R,"BAKULIN, Vladimir",URS,Men,- 52kg (flyweight),M,Silver
Mexico,1968,Wrestling,Wrestling Gre-R,"KMENT, Petr",TCH,Men,+ 97kg (super heavyweight),M,Bronze
Mexico,1968,Wrestling,Wrestling Gre-R,"KOZMA, Istvan",HUN,Men,+ 97kg (super heavyweight),M,Gold
Mexico,1968,Wrestling,Wrestling Gre-R,"ROSHCHIN, Anatoli",URS,Men,+ 97kg (super heavyweight),M,Silver
Mexico,1968,Wrestling,Wrestling Gre-R,"KOCHERGIN, Ivan",URS,Men,52 - 57kg (bantamweight),M,Bronze
Mexico,1968,Wrestling,Wrestling Gre-R,"VARGA, Janos",HUN,Men,52 - 57kg (bantamweight),M,Gold
Mexico,1968,Wrestling,Wrestling Gre-R,"BACIU, Ion",ROU,Men,52 - 57kg (bantamweight),M,Silver
Mexico,1968,Wrestling,Wrestling Gre-R,"POPESCU, Simion",ROU,Men,57 - 63kg (featherweight),M,Bronze
Mexico,1968,Wrestling,Wrestling Gre-R,"RURUA, Roman",URS,Men,57 - 63kg (featherweight),M,Gold
Mexico,1968,Wrestling,Wrestling Gre-R,"FUJIMOTO, Hideo",JPN,Men,57 - 63kg (featherweight),M,Silver
Mexico,1968,Wrestling,Wrestling Gre-R,"GALAKTOPOULOS, Petros",GRE,Men,63 - 70kg (lightweight),M,Bronze
Mexico,1968,Wrestling,Wrestling Gre-R,"NUMEMURA, Munji",JPN,Men,63 - 70kg (lightweight),M,Gold
Mexico,1968,Wrestling,Wrestling Gre-R,"HORVAT, Stevan",YUG,Men,63 - 70kg (lightweight),M,Silver
Mexico,1968,Wrestling,Wrestling Gre-R,"BAJKO, Karoly",HUN,Men,70 - 78kg (welterweight),M,Bronze
Mexico,1968,Wrestling,Wrestling Gre-R,"VESPER, Rudolf",GDR,Men,70 - 78kg (welterweight),M,Gold
Mexico,1968,Wrestling,Wrestling Gre-R,"ROBIN, Daniel Sauton",FRA,Men,70 - 78kg (welterweight),M,Silver
Mexico,1968,Wrestling,Wrestling Gre-R,"SIMIC, Branislav",YUG,Men,78 - 87kg (middleweight),M,Bronze
Mexico,1968,Wrestling,Wrestling Gre-R,"METZ, Lothar",GDR,Men,78 - 87kg (middleweight),M,Gold
Mexico,1968,Wrestling,Wrestling Gre-R,"OLEINIK, Valentin",URS,Men,78 - 87kg (middleweight),M,Silver
Mexico,1968,Wrestling,Wrestling Gre-R,"MARTINESCU, Nicolae",ROU,Men,87 - 97kg (light-heavyweight),M,Bronze
Mexico,1968,Wrestling,Wrestling Gre-R,"RADEV, Boyan Aleksandrov",BUL,Men,87 - 97kg (light-heavyweight),M,Gold
Mexico,1968,Wrestling,Wrestling Gre-R,"YAKOVENKO, Nikolai",URS,Men,87 - 97kg (light-heavyweight),M,Silver
